#
# A fatal error has been detected by the Java Runtime Environment:
#
#  SIGSEGV (0xb) at pc=0x0000148254aa990b, pid=2859472, tid=2859472
#
# JRE version: OpenJDK Runtime Environment Zulu17.58+21-CA (17.0.15+6) (build 17.0.15+6-LTS)
# Java VM: OpenJDK 64-Bit Server VM Zulu17.58+21-CA (17.0.15+6-LTS, mixed mode, sharing, tiered, compressed oops, compressed class ptrs, g1 gc, linux-amd64)
# Problematic frame:
# V  [libjvm.so+0xd8090b]  SR_handler(int, siginfo*, ucontext*)+0x9b
#
# No core dump will be written. Core dumps have been disabled. To enable core dumping, try "ulimit -c unlimited" before starting Java again
#
# If you would like to submit a bug report, please visit:
#   http://www.azul.com/support/
#

---------------  S U M M A R Y ------------

Command Line: -Xmx10G /software/conda/users/jd42/nextflow/share/nf-test-0.9.5-0/nf-test.jar test tests/default.nf.test --profile=+singularity --verbose --update-snapshot

Host: Intel(R) Xeon(R) Gold 6226R CPU @ 2.90GHz, 64 cores, 187G, Ubuntu 22.04.5 LTS
Time: Thu Oct  1 15:32:46 2026 BST elapsed time: 370.524567 seconds (0d 0h 6m 10s)

---------------  T H R E A D  ---------------

Current thread is native thread

Stack: [0x0000560a96c93000,0x00007ffd5b278000],  sp=0x00007ffd5b270530,  free space=45041653621k
Native frames: (J=compiled Java code, j=interpreted, Vv=VM code, C=native code)
V  [libjvm.so+0xd8090b]  SR_handler(int, siginfo*, ucontext*)+0x9b
C  [libc.so.6+0x42520]


siginfo: si_signo: 11 (SIGSEGV), si_code: 1 (SEGV_MAPERR), si_addr: 0x0000000000000270

Registers:
RAX=0x0000000000000000, RBX=0x00007ffd5b270540, RCX=0x000014825512abdb, RDX=0x0000000000000000
RSP=0x00007ffd5b270530, RBP=0x00007ffd5b2705f0, RSI=0x00007ffd5b270540, RDI=0x0000000000000000
R8 =0x0000000000000000, R9 =0x00000000ffffffff, R10=0x0000000000000008, R11=0x0000000000000246
R12=0x000014825508c6c0, R13=0x0000000000000000, R14=0x00007ffd5b270600, R15=0x0000000000000000
RIP=0x0000148254aa990b, EFLAGS=0x0000000000010246, CSGSFS=0x002b000000000033, ERR=0x0000000000000004
  TRAPNO=0x000000000000000e

XMM[0]=0x0000000000000000 0x0000000000000000
XMM[1]=0x0000000000000000 0x0000000000000000
XMM[2]=0x0000000000000000 0x0000000000000000
XMM[3]=0x0000000000000000 0x0000000000000000
XMM[4]=0x0000000000000000 0x0000000000000000
XMM[5]=0x0000000000000000 0x0000000000000000
XMM[6]=0x0000000000000000 0x0000000000000000
XMM[7]=0x0000000000000000 0x0000000000000000
XMM[8]=0x0000000000000000 0x0000000000000000
XMM[9]=0x0000000000000000 0x0000000000000000
XMM[10]=0x0000000000000000 0x0000000000000000
XMM[11]=0x0000000000000000 0x0000000000000000
XMM[12]=0x0000000000000000 0x0000000000000000
XMM[13]=0x0000000000000000 0x0000000000000000
XMM[14]=0x0000000000000000 0x0000000000000000
XMM[15]=0x0000000000000000 0x0000000000000000
  MXCSR=0x00001f80


Top of Stack: (sp=0x00007ffd5b270530)
0x00007ffd5b270530:   0000148254ffc000 00007ffd5b270730
0x00007ffd5b270540:   00000000000004d8 0000148255309590
0x00007ffd5b270550:   0000000024bbd60a 0000148255309508
0x00007ffd5b270560:   00001482552b8f30 00001482553147e9
0x00007ffd5b270570:   0000000000000006 0000148255309950
0x00007ffd5b270580:   0000148255343af0 00007ffd5b270628
0x00007ffd5b270590:   00007ffd5b270624 0000560a00000005
0x00007ffd5b2705a0:   0000148255309950 0000000024bbd60a
0x00007ffd5b2705b0:   00007ffd5b270624 000000000092ef58
0x00007ffd5b2705c0:   0000560a96aed140 0000148253c3c640
0x00007ffd5b2705d0:   0000000000000000 00000000002ba1d4
0x00007ffd5b2705e0:   0000000000000000 0000000000000000
0x00007ffd5b2705f0:   00007ffd5b2713a8 00001482550d1520
0x00007ffd5b270600:   0000000000000007 0000000000000000
0x00007ffd5b270610:   0000000000000000 0000000000000000
0x00007ffd5b270620:   0000000000000000 0000000000000000
0x00007ffd5b270630:   00000000ffffffff 0000000000000000
0x00007ffd5b270640:   0000000000000246 0000000000000000
0x00007ffd5b270650:   00000000002ba1d4 0000000000000000
0x00007ffd5b270660:   0000000000000000 0000148253c3c910
0x00007ffd5b270670:   0000000000000109 00007ffd5b2713a8
0x00007ffd5b270680:   0000148253c3c640 00000000002ba1d4
0x00007ffd5b270690:   00000000000000ca 00001482551200d7
0x00007ffd5b2706a0:   00007ffd5b2712e0 00001482551200d5
0x00007ffd5b2706b0:   0000000000000246 002b000000000033
0x00007ffd5b2706c0:   0000000000000000 0000000000000000
0x00007ffd5b2706d0:   0000000000000000 0000000000000000
0x00007ffd5b2706e0:   00007ffd5b2707c0 000000046474e552
0x00007ffd5b2706f0:   0000148255309620 0000148255343af0
0x00007ffd5b270700:   00000000000e5d80 0000000000000280
0x00007ffd5b270710:   0000000000000280 0000000000000001
0x00007ffd5b270720:   0000002000000004 0000000000000000 

Instructions: (pc=0x0000148254aa990b)
0x0000148254aa980b:   33 4d ff 31 d2 48 89 de bf 01 00 00 00 e8 b3 2c
0x0000148254aa981b:   4d ff 41 83 fc 02 74 3d 48 83 3d 1d be 5b 00 00
0x0000148254aa982b:   74 25 48 8d 05 0c bd 5b 00 4a 8d 14 a0 b8 01 00
0x0000148254aa983b:   00 00 f0 0f c1 02 48 8b 3d 00 be 5b 00 be 01 00
0x0000148254aa984b:   00 00 e8 ae cc f1 ff 48 83 ec 80 5b 41 5c 5d c3
0x0000148254aa985b:   0f 1f 44 00 00 e8 7b 83 15 00 84 c0 74 ba e8 5a
0x0000148254aa986b:   34 4d ff eb b3 55 48 89 e5 41 57 41 56 49 89 d6
0x0000148254aa987b:   41 55 41 54 53 48 8d 9d 50 ff ff ff 48 81 ec 98
0x0000148254aa988b:   00 00 00 48 89 b5 48 ff ff ff e8 86 25 4d ff 48
0x0000148254aa989b:   89 df 49 89 c4 44 8b 28 e8 08 2b 4d ff be 04 00
0x0000148254aa98ab:   00 00 48 89 df e8 9b 32 4d ff be 07 00 00 00 48
0x0000148254aa98bb:   89 df e8 8e 32 4d ff be 08 00 00 00 48 89 df e8
0x0000148254aa98cb:   81 32 4d ff be 0b 00 00 00 48 89 df e8 74 32 4d
0x0000148254aa98db:   ff be 05 00 00 00 48 89 df e8 67 32 4d ff 31 d2
0x0000148254aa98eb:   48 89 de bf 01 00 00 00 e8 d8 2b 4d ff e8 93 82
0x0000148254aa98fb:   0e 00 31 d2 84 c0 74 08 e8 98 82 0e 00 48 89 c2
0x0000148254aa990b:   48 8b 82 70 02 00 00 48 85 c0 74 17 4c 8b ba 38
0x0000148254aa991b:   02 00 00 41 8b 87 a0 00 00 00 83 f8 01 74 16 45
0x0000148254aa992b:   89 2c 24 48 81 c4 98 00 00 00 5b 41 5c 41 5d 41
0x0000148254aa993b:   5e 41 5f 5d c3 f3 0f 7e 85 48 ff ff ff ba 02 00
0x0000148254aa994b:   00 00 be 01 00 00 00 4c 89 b5 48 ff ff ff 4d 8d
0x0000148254aa995b:   b7 a0 00 00 00 4c 89 f7 0f 16 85 48 ff ff ff 41
0x0000148254aa996b:   0f 11 87 a8 00 00 00 e8 d9 89 e5 ff 83 f8 02 74
0x0000148254aa997b:   3c 85 c0 75 10 66 0f ef c0 41 0f 11 87 a8 00 00
0x0000148254aa998b:   00 eb 9c 66 90 48 8d 05 d1 69 55 00 be 63 06 00
0x0000148254aa999b:   00 48 8d 3d cd 0c 27 00 48 8b 00 c6 00 58 e8 82
0x0000148254aa99ab:   3a 88 ff e8 fd be e5 ff eb cb 0f 1f 00 48 89 df
0x0000148254aa99bb:   e8 f0 29 4d ff 48 89 da 31 f6 31 ff e8 04 2b 4d
0x0000148254aa99cb:   ff 8b 35 76 c4 56 00 48 89 df e8 c6 31 4d ff be
0x0000148254aa99db:   01 00 00 00 48 8d 3d 7a bc 5b 00 e8 15 cb f1 ff
0x0000148254aa99eb:   eb 08 0f 1f 00 83 f8 02 75 3b 48 89 df e8 b3 31
0x0000148254aa99fb:   4d ff 31 d2 be 03 00 00 00 4c 89 f7 e8 44 89 e5 



---------------  P R O C E S S  ---------------

VM state: not at safepoint (normal execution)

VM Mutex/Monitor currently owned by a thread: None

Heap address: 0x0000000580000000, size: 10240 MB, Compressed Oops mode: Zero based, Oop shift amount: 3

CDS archive(s) mapped at: [0x00001481c7000000-0x00001481c7bf8000-0x00001481c7bf8000), size 12550144, SharedBaseAddress: 0x00001481c7000000, ArchiveRelocationMode: 1.
Compressed class space mapped at: 0x00001481c8000000-0x0000148208000000, reserved size: 1073741824
Narrow klass base: 0x00001481c7000000, Narrow klass shift: 0, Narrow klass range: 0x100000000

GC Precious Log:
<Skipped>

Heap:
 garbage-first heap   total 2113536K, used 30660K [0x0000000580000000, 0x0000000800000000)
  region size 8192K, 2 young (16384K), 1 survivors (8192K)
 Metaspace       used 18924K, committed 19392K, reserved 1114112K
  class space    used 2177K, committed 2368K, reserved 1048576K

Heap Regions: E=young(eden), S=young(survivor), O=old, HS=humongous(starts), HC=humongous(continues), CS=collection set, F=free, OA=open archive, CA=closed archive, TAMS=top-at-mark-start (previous, next)
|   0|0x0000000580000000, 0x0000000580800000, 0x0000000580800000|100%| O|  |TAMS 0x0000000580000000, 0x0000000580000000| Untracked 
|   1|0x0000000580800000, 0x0000000580a04e00, 0x0000000581000000| 25%| O|  |TAMS 0x0000000580800000, 0x0000000580800000| Untracked 
|   2|0x0000000581000000, 0x0000000581000000, 0x0000000581800000|  0%| F|  |TAMS 0x0000000581000000, 0x0000000581000000| Untracked 
|   3|0x0000000581800000, 0x0000000581800000, 0x0000000582000000|  0%| F|  |TAMS 0x0000000581800000, 0x0000000581800000| Untracked 
|   4|0x0000000582000000, 0x0000000582000000, 0x0000000582800000|  0%| F|  |TAMS 0x0000000582000000, 0x0000000582000000| Untracked 
|   5|0x0000000582800000, 0x0000000582800000, 0x0000000583000000|  0%| F|  |TAMS 0x0000000582800000, 0x0000000582800000| Untracked 
|   6|0x0000000583000000, 0x0000000583000000, 0x0000000583800000|  0%| F|  |TAMS 0x0000000583000000, 0x0000000583000000| Untracked 
|   7|0x0000000583800000, 0x0000000583800000, 0x0000000584000000|  0%| F|  |TAMS 0x0000000583800000, 0x0000000583800000| Untracked 
|   8|0x0000000584000000, 0x0000000584000000, 0x0000000584800000|  0%| F|  |TAMS 0x0000000584000000, 0x0000000584000000| Untracked 
|   9|0x0000000584800000, 0x0000000584800000, 0x0000000585000000|  0%| F|  |TAMS 0x0000000584800000, 0x0000000584800000| Untracked 
|  10|0x0000000585000000, 0x0000000585000000, 0x0000000585800000|  0%| F|  |TAMS 0x0000000585000000, 0x0000000585000000| Untracked 
|  11|0x0000000585800000, 0x0000000585800000, 0x0000000586000000|  0%| F|  |TAMS 0x0000000585800000, 0x0000000585800000| Untracked 
|  12|0x0000000586000000, 0x0000000586000000, 0x0000000586800000|  0%| F|  |TAMS 0x0000000586000000, 0x0000000586000000| Untracked 
|  13|0x0000000586800000, 0x0000000586800000, 0x0000000587000000|  0%| F|  |TAMS 0x0000000586800000, 0x0000000586800000| Untracked 
|  14|0x0000000587000000, 0x0000000587000000, 0x0000000587800000|  0%| F|  |TAMS 0x0000000587000000, 0x0000000587000000| Untracked 
|  15|0x0000000587800000, 0x0000000587800000, 0x0000000588000000|  0%| F|  |TAMS 0x0000000587800000, 0x0000000587800000| Untracked 
|  16|0x0000000588000000, 0x0000000588000000, 0x0000000588800000|  0%| F|  |TAMS 0x0000000588000000, 0x0000000588000000| Untracked 
|  17|0x0000000588800000, 0x0000000588800000, 0x0000000589000000|  0%| F|  |TAMS 0x0000000588800000, 0x0000000588800000| Untracked 
|  18|0x0000000589000000, 0x0000000589000000, 0x0000000589800000|  0%| F|  |TAMS 0x0000000589000000, 0x0000000589000000| Untracked 
|  19|0x0000000589800000, 0x0000000589800000, 0x000000058a000000|  0%| F|  |TAMS 0x0000000589800000, 0x0000000589800000| Untracked 
|  20|0x000000058a000000, 0x000000058a000000, 0x000000058a800000|  0%| F|  |TAMS 0x000000058a000000, 0x000000058a000000| Untracked 
|  21|0x000000058a800000, 0x000000058a800000, 0x000000058b000000|  0%| F|  |TAMS 0x000000058a800000, 0x000000058a800000| Untracked 
|  22|0x000000058b000000, 0x000000058b000000, 0x000000058b800000|  0%| F|  |TAMS 0x000000058b000000, 0x000000058b000000| Untracked 
|  23|0x000000058b800000, 0x000000058b800000, 0x000000058c000000|  0%| F|  |TAMS 0x000000058b800000, 0x000000058b800000| Untracked 
|  24|0x000000058c000000, 0x000000058c000000, 0x000000058c800000|  0%| F|  |TAMS 0x000000058c000000, 0x000000058c000000| Untracked 
|  25|0x000000058c800000, 0x000000058c800000, 0x000000058d000000|  0%| F|  |TAMS 0x000000058c800000, 0x000000058c800000| Untracked 
|  26|0x000000058d000000, 0x000000058d000000, 0x000000058d800000|  0%| F|  |TAMS 0x000000058d000000, 0x000000058d000000| Untracked 
|  27|0x000000058d800000, 0x000000058d800000, 0x000000058e000000|  0%| F|  |TAMS 0x000000058d800000, 0x000000058d800000| Untracked 
|  28|0x000000058e000000, 0x000000058e000000, 0x000000058e800000|  0%| F|  |TAMS 0x000000058e000000, 0x000000058e000000| Untracked 
|  29|0x000000058e800000, 0x000000058e800000, 0x000000058f000000|  0%| F|  |TAMS 0x000000058e800000, 0x000000058e800000| Untracked 
|  30|0x000000058f000000, 0x000000058f000000, 0x000000058f800000|  0%| F|  |TAMS 0x000000058f000000, 0x000000058f000000| Untracked 
|  31|0x000000058f800000, 0x000000058f800000, 0x0000000590000000|  0%| F|  |TAMS 0x000000058f800000, 0x000000058f800000| Untracked 
|  32|0x0000000590000000, 0x0000000590000000, 0x0000000590800000|  0%| F|  |TAMS 0x0000000590000000, 0x0000000590000000| Untracked 
|  33|0x0000000590800000, 0x0000000590800000, 0x0000000591000000|  0%| F|  |TAMS 0x0000000590800000, 0x0000000590800000| Untracked 
|  34|0x0000000591000000, 0x0000000591000000, 0x0000000591800000|  0%| F|  |TAMS 0x0000000591000000, 0x0000000591000000| Untracked 
|  35|0x0000000591800000, 0x0000000591800000, 0x0000000592000000|  0%| F|  |TAMS 0x0000000591800000, 0x0000000591800000| Untracked 
|  36|0x0000000592000000, 0x0000000592000000, 0x0000000592800000|  0%| F|  |TAMS 0x0000000592000000, 0x0000000592000000| Untracked 
|  37|0x0000000592800000, 0x0000000592800000, 0x0000000593000000|  0%| F|  |TAMS 0x0000000592800000, 0x0000000592800000| Untracked 
|  38|0x0000000593000000, 0x0000000593000000, 0x0000000593800000|  0%| F|  |TAMS 0x0000000593000000, 0x0000000593000000| Untracked 
|  39|0x0000000593800000, 0x0000000593800000, 0x0000000594000000|  0%| F|  |TAMS 0x0000000593800000, 0x0000000593800000| Untracked 
|  40|0x0000000594000000, 0x0000000594000000, 0x0000000594800000|  0%| F|  |TAMS 0x0000000594000000, 0x0000000594000000| Untracked 
|  41|0x0000000594800000, 0x0000000594800000, 0x0000000595000000|  0%| F|  |TAMS 0x0000000594800000, 0x0000000594800000| Untracked 
|  42|0x0000000595000000, 0x0000000595000000, 0x0000000595800000|  0%| F|  |TAMS 0x0000000595000000, 0x0000000595000000| Untracked 
|  43|0x0000000595800000, 0x0000000595800000, 0x0000000596000000|  0%| F|  |TAMS 0x0000000595800000, 0x0000000595800000| Untracked 
|  44|0x0000000596000000, 0x0000000596000000, 0x0000000596800000|  0%| F|  |TAMS 0x0000000596000000, 0x0000000596000000| Untracked 
|  45|0x0000000596800000, 0x0000000596800000, 0x0000000597000000|  0%| F|  |TAMS 0x0000000596800000, 0x0000000596800000| Untracked 
|  46|0x0000000597000000, 0x0000000597000000, 0x0000000597800000|  0%| F|  |TAMS 0x0000000597000000, 0x0000000597000000| Untracked 
|  47|0x0000000597800000, 0x0000000597800000, 0x0000000598000000|  0%| F|  |TAMS 0x0000000597800000, 0x0000000597800000| Untracked 
|  48|0x0000000598000000, 0x0000000598000000, 0x0000000598800000|  0%| F|  |TAMS 0x0000000598000000, 0x0000000598000000| Untracked 
|  49|0x0000000598800000, 0x0000000598800000, 0x0000000599000000|  0%| F|  |TAMS 0x0000000598800000, 0x0000000598800000| Untracked 
|  50|0x0000000599000000, 0x0000000599000000, 0x0000000599800000|  0%| F|  |TAMS 0x0000000599000000, 0x0000000599000000| Untracked 
|  51|0x0000000599800000, 0x0000000599800000, 0x000000059a000000|  0%| F|  |TAMS 0x0000000599800000, 0x0000000599800000| Untracked 
|  52|0x000000059a000000, 0x000000059a000000, 0x000000059a800000|  0%| F|  |TAMS 0x000000059a000000, 0x000000059a000000| Untracked 
|  53|0x000000059a800000, 0x000000059a800000, 0x000000059b000000|  0%| F|  |TAMS 0x000000059a800000, 0x000000059a800000| Untracked 
|  54|0x000000059b000000, 0x000000059b000000, 0x000000059b800000|  0%| F|  |TAMS 0x000000059b000000, 0x000000059b000000| Untracked 
|  55|0x000000059b800000, 0x000000059b800000, 0x000000059c000000|  0%| F|  |TAMS 0x000000059b800000, 0x000000059b800000| Untracked 
|  56|0x000000059c000000, 0x000000059c000000, 0x000000059c800000|  0%| F|  |TAMS 0x000000059c000000, 0x000000059c000000| Untracked 
|  57|0x000000059c800000, 0x000000059c800000, 0x000000059d000000|  0%| F|  |TAMS 0x000000059c800000, 0x000000059c800000| Untracked 
|  58|0x000000059d000000, 0x000000059d000000, 0x000000059d800000|  0%| F|  |TAMS 0x000000059d000000, 0x000000059d000000| Untracked 
|  59|0x000000059d800000, 0x000000059d800000, 0x000000059e000000|  0%| F|  |TAMS 0x000000059d800000, 0x000000059d800000| Untracked 
|  60|0x000000059e000000, 0x000000059e000000, 0x000000059e800000|  0%| F|  |TAMS 0x000000059e000000, 0x000000059e000000| Untracked 
|  61|0x000000059e800000, 0x000000059e800000, 0x000000059f000000|  0%| F|  |TAMS 0x000000059e800000, 0x000000059e800000| Untracked 
|  62|0x000000059f000000, 0x000000059f000000, 0x000000059f800000|  0%| F|  |TAMS 0x000000059f000000, 0x000000059f000000| Untracked 
|  63|0x000000059f800000, 0x000000059f800000, 0x00000005a0000000|  0%| F|  |TAMS 0x000000059f800000, 0x000000059f800000| Untracked 
|  64|0x00000005a0000000, 0x00000005a0000000, 0x00000005a0800000|  0%| F|  |TAMS 0x00000005a0000000, 0x00000005a0000000| Untracked 
|  65|0x00000005a0800000, 0x00000005a0800000, 0x00000005a1000000|  0%| F|  |TAMS 0x00000005a0800000, 0x00000005a0800000| Untracked 
|  66|0x00000005a1000000, 0x00000005a1000000, 0x00000005a1800000|  0%| F|  |TAMS 0x00000005a1000000, 0x00000005a1000000| Untracked 
|  67|0x00000005a1800000, 0x00000005a1800000, 0x00000005a2000000|  0%| F|  |TAMS 0x00000005a1800000, 0x00000005a1800000| Untracked 
|  68|0x00000005a2000000, 0x00000005a2000000, 0x00000005a2800000|  0%| F|  |TAMS 0x00000005a2000000, 0x00000005a2000000| Untracked 
|  69|0x00000005a2800000, 0x00000005a2800000, 0x00000005a3000000|  0%| F|  |TAMS 0x00000005a2800000, 0x00000005a2800000| Untracked 
|  70|0x00000005a3000000, 0x00000005a3000000, 0x00000005a3800000|  0%| F|  |TAMS 0x00000005a3000000, 0x00000005a3000000| Untracked 
|  71|0x00000005a3800000, 0x00000005a3800000, 0x00000005a4000000|  0%| F|  |TAMS 0x00000005a3800000, 0x00000005a3800000| Untracked 
|  72|0x00000005a4000000, 0x00000005a4000000, 0x00000005a4800000|  0%| F|  |TAMS 0x00000005a4000000, 0x00000005a4000000| Untracked 
|  73|0x00000005a4800000, 0x00000005a4800000, 0x00000005a5000000|  0%| F|  |TAMS 0x00000005a4800000, 0x00000005a4800000| Untracked 
|  74|0x00000005a5000000, 0x00000005a5000000, 0x00000005a5800000|  0%| F|  |TAMS 0x00000005a5000000, 0x00000005a5000000| Untracked 
|  75|0x00000005a5800000, 0x00000005a5800000, 0x00000005a6000000|  0%| F|  |TAMS 0x00000005a5800000, 0x00000005a5800000| Untracked 
|  76|0x00000005a6000000, 0x00000005a6000000, 0x00000005a6800000|  0%| F|  |TAMS 0x00000005a6000000, 0x00000005a6000000| Untracked 
|  77|0x00000005a6800000, 0x00000005a6800000, 0x00000005a7000000|  0%| F|  |TAMS 0x00000005a6800000, 0x00000005a6800000| Untracked 
|  78|0x00000005a7000000, 0x00000005a7000000, 0x00000005a7800000|  0%| F|  |TAMS 0x00000005a7000000, 0x00000005a7000000| Untracked 
|  79|0x00000005a7800000, 0x00000005a7800000, 0x00000005a8000000|  0%| F|  |TAMS 0x00000005a7800000, 0x00000005a7800000| Untracked 
|  80|0x00000005a8000000, 0x00000005a8000000, 0x00000005a8800000|  0%| F|  |TAMS 0x00000005a8000000, 0x00000005a8000000| Untracked 
|  81|0x00000005a8800000, 0x00000005a8800000, 0x00000005a9000000|  0%| F|  |TAMS 0x00000005a8800000, 0x00000005a8800000| Untracked 
|  82|0x00000005a9000000, 0x00000005a9000000, 0x00000005a9800000|  0%| F|  |TAMS 0x00000005a9000000, 0x00000005a9000000| Untracked 
|  83|0x00000005a9800000, 0x00000005a9800000, 0x00000005aa000000|  0%| F|  |TAMS 0x00000005a9800000, 0x00000005a9800000| Untracked 
|  84|0x00000005aa000000, 0x00000005aa000000, 0x00000005aa800000|  0%| F|  |TAMS 0x00000005aa000000, 0x00000005aa000000| Untracked 
|  85|0x00000005aa800000, 0x00000005aa800000, 0x00000005ab000000|  0%| F|  |TAMS 0x00000005aa800000, 0x00000005aa800000| Untracked 
|  86|0x00000005ab000000, 0x00000005ab000000, 0x00000005ab800000|  0%| F|  |TAMS 0x00000005ab000000, 0x00000005ab000000| Untracked 
|  87|0x00000005ab800000, 0x00000005ab800000, 0x00000005ac000000|  0%| F|  |TAMS 0x00000005ab800000, 0x00000005ab800000| Untracked 
|  88|0x00000005ac000000, 0x00000005ac000000, 0x00000005ac800000|  0%| F|  |TAMS 0x00000005ac000000, 0x00000005ac000000| Untracked 
|  89|0x00000005ac800000, 0x00000005ac800000, 0x00000005ad000000|  0%| F|  |TAMS 0x00000005ac800000, 0x00000005ac800000| Untracked 
|  90|0x00000005ad000000, 0x00000005ad000000, 0x00000005ad800000|  0%| F|  |TAMS 0x00000005ad000000, 0x00000005ad000000| Untracked 
|  91|0x00000005ad800000, 0x00000005ad800000, 0x00000005ae000000|  0%| F|  |TAMS 0x00000005ad800000, 0x00000005ad800000| Untracked 
|  92|0x00000005ae000000, 0x00000005ae000000, 0x00000005ae800000|  0%| F|  |TAMS 0x00000005ae000000, 0x00000005ae000000| Untracked 
|  93|0x00000005ae800000, 0x00000005ae800000, 0x00000005af000000|  0%| F|  |TAMS 0x00000005ae800000, 0x00000005ae800000| Untracked 
|  94|0x00000005af000000, 0x00000005af000000, 0x00000005af800000|  0%| F|  |TAMS 0x00000005af000000, 0x00000005af000000| Untracked 
|  95|0x00000005af800000, 0x00000005af800000, 0x00000005b0000000|  0%| F|  |TAMS 0x00000005af800000, 0x00000005af800000| Untracked 
|  96|0x00000005b0000000, 0x00000005b0000000, 0x00000005b0800000|  0%| F|  |TAMS 0x00000005b0000000, 0x00000005b0000000| Untracked 
|  97|0x00000005b0800000, 0x00000005b0800000, 0x00000005b1000000|  0%| F|  |TAMS 0x00000005b0800000, 0x00000005b0800000| Untracked 
|  98|0x00000005b1000000, 0x00000005b1000000, 0x00000005b1800000|  0%| F|  |TAMS 0x00000005b1000000, 0x00000005b1000000| Untracked 
|  99|0x00000005b1800000, 0x00000005b1800000, 0x00000005b2000000|  0%| F|  |TAMS 0x00000005b1800000, 0x00000005b1800000| Untracked 
| 100|0x00000005b2000000, 0x00000005b2000000, 0x00000005b2800000|  0%| F|  |TAMS 0x00000005b2000000, 0x00000005b2000000| Untracked 
| 101|0x00000005b2800000, 0x00000005b2800000, 0x00000005b3000000|  0%| F|  |TAMS 0x00000005b2800000, 0x00000005b2800000| Untracked 
| 102|0x00000005b3000000, 0x00000005b3000000, 0x00000005b3800000|  0%| F|  |TAMS 0x00000005b3000000, 0x00000005b3000000| Untracked 
| 103|0x00000005b3800000, 0x00000005b3800000, 0x00000005b4000000|  0%| F|  |TAMS 0x00000005b3800000, 0x00000005b3800000| Untracked 
| 104|0x00000005b4000000, 0x00000005b4000000, 0x00000005b4800000|  0%| F|  |TAMS 0x00000005b4000000, 0x00000005b4000000| Untracked 
| 105|0x00000005b4800000, 0x00000005b4800000, 0x00000005b5000000|  0%| F|  |TAMS 0x00000005b4800000, 0x00000005b4800000| Untracked 
| 106|0x00000005b5000000, 0x00000005b5000000, 0x00000005b5800000|  0%| F|  |TAMS 0x00000005b5000000, 0x00000005b5000000| Untracked 
| 107|0x00000005b5800000, 0x00000005b5800000, 0x00000005b6000000|  0%| F|  |TAMS 0x00000005b5800000, 0x00000005b5800000| Untracked 
| 108|0x00000005b6000000, 0x00000005b6000000, 0x00000005b6800000|  0%| F|  |TAMS 0x00000005b6000000, 0x00000005b6000000| Untracked 
| 109|0x00000005b6800000, 0x00000005b6800000, 0x00000005b7000000|  0%| F|  |TAMS 0x00000005b6800000, 0x00000005b6800000| Untracked 
| 110|0x00000005b7000000, 0x00000005b7000000, 0x00000005b7800000|  0%| F|  |TAMS 0x00000005b7000000, 0x00000005b7000000| Untracked 
| 111|0x00000005b7800000, 0x00000005b7800000, 0x00000005b8000000|  0%| F|  |TAMS 0x00000005b7800000, 0x00000005b7800000| Untracked 
| 112|0x00000005b8000000, 0x00000005b8000000, 0x00000005b8800000|  0%| F|  |TAMS 0x00000005b8000000, 0x00000005b8000000| Untracked 
| 113|0x00000005b8800000, 0x00000005b8800000, 0x00000005b9000000|  0%| F|  |TAMS 0x00000005b8800000, 0x00000005b8800000| Untracked 
| 114|0x00000005b9000000, 0x00000005b9000000, 0x00000005b9800000|  0%| F|  |TAMS 0x00000005b9000000, 0x00000005b9000000| Untracked 
| 115|0x00000005b9800000, 0x00000005b9800000, 0x00000005ba000000|  0%| F|  |TAMS 0x00000005b9800000, 0x00000005b9800000| Untracked 
| 116|0x00000005ba000000, 0x00000005ba000000, 0x00000005ba800000|  0%| F|  |TAMS 0x00000005ba000000, 0x00000005ba000000| Untracked 
| 117|0x00000005ba800000, 0x00000005ba800000, 0x00000005bb000000|  0%| F|  |TAMS 0x00000005ba800000, 0x00000005ba800000| Untracked 
| 118|0x00000005bb000000, 0x00000005bb000000, 0x00000005bb800000|  0%| F|  |TAMS 0x00000005bb000000, 0x00000005bb000000| Untracked 
| 119|0x00000005bb800000, 0x00000005bb800000, 0x00000005bc000000|  0%| F|  |TAMS 0x00000005bb800000, 0x00000005bb800000| Untracked 
| 120|0x00000005bc000000, 0x00000005bc000000, 0x00000005bc800000|  0%| F|  |TAMS 0x00000005bc000000, 0x00000005bc000000| Untracked 
| 121|0x00000005bc800000, 0x00000005bc800000, 0x00000005bd000000|  0%| F|  |TAMS 0x00000005bc800000, 0x00000005bc800000| Untracked 
| 122|0x00000005bd000000, 0x00000005bd000000, 0x00000005bd800000|  0%| F|  |TAMS 0x00000005bd000000, 0x00000005bd000000| Untracked 
| 123|0x00000005bd800000, 0x00000005bd800000, 0x00000005be000000|  0%| F|  |TAMS 0x00000005bd800000, 0x00000005bd800000| Untracked 
| 124|0x00000005be000000, 0x00000005be000000, 0x00000005be800000|  0%| F|  |TAMS 0x00000005be000000, 0x00000005be000000| Untracked 
| 125|0x00000005be800000, 0x00000005be800000, 0x00000005bf000000|  0%| F|  |TAMS 0x00000005be800000, 0x00000005be800000| Untracked 
| 126|0x00000005bf000000, 0x00000005bf000000, 0x00000005bf800000|  0%| F|  |TAMS 0x00000005bf000000, 0x00000005bf000000| Untracked 
| 127|0x00000005bf800000, 0x00000005bf800000, 0x00000005c0000000|  0%| F|  |TAMS 0x00000005bf800000, 0x00000005bf800000| Untracked 
| 128|0x00000005c0000000, 0x00000005c0000000, 0x00000005c0800000|  0%| F|  |TAMS 0x00000005c0000000, 0x00000005c0000000| Untracked 
| 129|0x00000005c0800000, 0x00000005c0800000, 0x00000005c1000000|  0%| F|  |TAMS 0x00000005c0800000, 0x00000005c0800000| Untracked 
| 130|0x00000005c1000000, 0x00000005c1000000, 0x00000005c1800000|  0%| F|  |TAMS 0x00000005c1000000, 0x00000005c1000000| Untracked 
| 131|0x00000005c1800000, 0x00000005c1800000, 0x00000005c2000000|  0%| F|  |TAMS 0x00000005c1800000, 0x00000005c1800000| Untracked 
| 132|0x00000005c2000000, 0x00000005c2000000, 0x00000005c2800000|  0%| F|  |TAMS 0x00000005c2000000, 0x00000005c2000000| Untracked 
| 133|0x00000005c2800000, 0x00000005c2800000, 0x00000005c3000000|  0%| F|  |TAMS 0x00000005c2800000, 0x00000005c2800000| Untracked 
| 134|0x00000005c3000000, 0x00000005c3000000, 0x00000005c3800000|  0%| F|  |TAMS 0x00000005c3000000, 0x00000005c3000000| Untracked 
| 135|0x00000005c3800000, 0x00000005c3800000, 0x00000005c4000000|  0%| F|  |TAMS 0x00000005c3800000, 0x00000005c3800000| Untracked 
| 136|0x00000005c4000000, 0x00000005c4000000, 0x00000005c4800000|  0%| F|  |TAMS 0x00000005c4000000, 0x00000005c4000000| Untracked 
| 137|0x00000005c4800000, 0x00000005c4800000, 0x00000005c5000000|  0%| F|  |TAMS 0x00000005c4800000, 0x00000005c4800000| Untracked 
| 138|0x00000005c5000000, 0x00000005c5000000, 0x00000005c5800000|  0%| F|  |TAMS 0x00000005c5000000, 0x00000005c5000000| Untracked 
| 139|0x00000005c5800000, 0x00000005c5800000, 0x00000005c6000000|  0%| F|  |TAMS 0x00000005c5800000, 0x00000005c5800000| Untracked 
| 140|0x00000005c6000000, 0x00000005c6000000, 0x00000005c6800000|  0%| F|  |TAMS 0x00000005c6000000, 0x00000005c6000000| Untracked 
| 141|0x00000005c6800000, 0x00000005c6800000, 0x00000005c7000000|  0%| F|  |TAMS 0x00000005c6800000, 0x00000005c6800000| Untracked 
| 142|0x00000005c7000000, 0x00000005c7000000, 0x00000005c7800000|  0%| F|  |TAMS 0x00000005c7000000, 0x00000005c7000000| Untracked 
| 143|0x00000005c7800000, 0x00000005c7800000, 0x00000005c8000000|  0%| F|  |TAMS 0x00000005c7800000, 0x00000005c7800000| Untracked 
| 144|0x00000005c8000000, 0x00000005c8000000, 0x00000005c8800000|  0%| F|  |TAMS 0x00000005c8000000, 0x00000005c8000000| Untracked 
| 145|0x00000005c8800000, 0x00000005c8800000, 0x00000005c9000000|  0%| F|  |TAMS 0x00000005c8800000, 0x00000005c8800000| Untracked 
| 146|0x00000005c9000000, 0x00000005c9000000, 0x00000005c9800000|  0%| F|  |TAMS 0x00000005c9000000, 0x00000005c9000000| Untracked 
| 147|0x00000005c9800000, 0x00000005c9800000, 0x00000005ca000000|  0%| F|  |TAMS 0x00000005c9800000, 0x00000005c9800000| Untracked 
| 148|0x00000005ca000000, 0x00000005ca000000, 0x00000005ca800000|  0%| F|  |TAMS 0x00000005ca000000, 0x00000005ca000000| Untracked 
| 149|0x00000005ca800000, 0x00000005ca800000, 0x00000005cb000000|  0%| F|  |TAMS 0x00000005ca800000, 0x00000005ca800000| Untracked 
| 150|0x00000005cb000000, 0x00000005cb000000, 0x00000005cb800000|  0%| F|  |TAMS 0x00000005cb000000, 0x00000005cb000000| Untracked 
| 151|0x00000005cb800000, 0x00000005cb800000, 0x00000005cc000000|  0%| F|  |TAMS 0x00000005cb800000, 0x00000005cb800000| Untracked 
| 152|0x00000005cc000000, 0x00000005cc000000, 0x00000005cc800000|  0%| F|  |TAMS 0x00000005cc000000, 0x00000005cc000000| Untracked 
| 153|0x00000005cc800000, 0x00000005cc800000, 0x00000005cd000000|  0%| F|  |TAMS 0x00000005cc800000, 0x00000005cc800000| Untracked 
| 154|0x00000005cd000000, 0x00000005cd000000, 0x00000005cd800000|  0%| F|  |TAMS 0x00000005cd000000, 0x00000005cd000000| Untracked 
| 155|0x00000005cd800000, 0x00000005cd800000, 0x00000005ce000000|  0%| F|  |TAMS 0x00000005cd800000, 0x00000005cd800000| Untracked 
| 156|0x00000005ce000000, 0x00000005ce000000, 0x00000005ce800000|  0%| F|  |TAMS 0x00000005ce000000, 0x00000005ce000000| Untracked 
| 157|0x00000005ce800000, 0x00000005ce800000, 0x00000005cf000000|  0%| F|  |TAMS 0x00000005ce800000, 0x00000005ce800000| Untracked 
| 158|0x00000005cf000000, 0x00000005cf000000, 0x00000005cf800000|  0%| F|  |TAMS 0x00000005cf000000, 0x00000005cf000000| Untracked 
| 159|0x00000005cf800000, 0x00000005cf800000, 0x00000005d0000000|  0%| F|  |TAMS 0x00000005cf800000, 0x00000005cf800000| Untracked 
| 160|0x00000005d0000000, 0x00000005d0000000, 0x00000005d0800000|  0%| F|  |TAMS 0x00000005d0000000, 0x00000005d0000000| Untracked 
| 161|0x00000005d0800000, 0x00000005d0800000, 0x00000005d1000000|  0%| F|  |TAMS 0x00000005d0800000, 0x00000005d0800000| Untracked 
| 162|0x00000005d1000000, 0x00000005d1000000, 0x00000005d1800000|  0%| F|  |TAMS 0x00000005d1000000, 0x00000005d1000000| Untracked 
| 163|0x00000005d1800000, 0x00000005d1800000, 0x00000005d2000000|  0%| F|  |TAMS 0x00000005d1800000, 0x00000005d1800000| Untracked 
| 164|0x00000005d2000000, 0x00000005d2000000, 0x00000005d2800000|  0%| F|  |TAMS 0x00000005d2000000, 0x00000005d2000000| Untracked 
| 165|0x00000005d2800000, 0x00000005d2800000, 0x00000005d3000000|  0%| F|  |TAMS 0x00000005d2800000, 0x00000005d2800000| Untracked 
| 166|0x00000005d3000000, 0x00000005d3000000, 0x00000005d3800000|  0%| F|  |TAMS 0x00000005d3000000, 0x00000005d3000000| Untracked 
| 167|0x00000005d3800000, 0x00000005d3800000, 0x00000005d4000000|  0%| F|  |TAMS 0x00000005d3800000, 0x00000005d3800000| Untracked 
| 168|0x00000005d4000000, 0x00000005d4000000, 0x00000005d4800000|  0%| F|  |TAMS 0x00000005d4000000, 0x00000005d4000000| Untracked 
| 169|0x00000005d4800000, 0x00000005d4800000, 0x00000005d5000000|  0%| F|  |TAMS 0x00000005d4800000, 0x00000005d4800000| Untracked 
| 170|0x00000005d5000000, 0x00000005d5000000, 0x00000005d5800000|  0%| F|  |TAMS 0x00000005d5000000, 0x00000005d5000000| Untracked 
| 171|0x00000005d5800000, 0x00000005d5800000, 0x00000005d6000000|  0%| F|  |TAMS 0x00000005d5800000, 0x00000005d5800000| Untracked 
| 172|0x00000005d6000000, 0x00000005d6000000, 0x00000005d6800000|  0%| F|  |TAMS 0x00000005d6000000, 0x00000005d6000000| Untracked 
| 173|0x00000005d6800000, 0x00000005d6800000, 0x00000005d7000000|  0%| F|  |TAMS 0x00000005d6800000, 0x00000005d6800000| Untracked 
| 174|0x00000005d7000000, 0x00000005d7000000, 0x00000005d7800000|  0%| F|  |TAMS 0x00000005d7000000, 0x00000005d7000000| Untracked 
| 175|0x00000005d7800000, 0x00000005d7800000, 0x00000005d8000000|  0%| F|  |TAMS 0x00000005d7800000, 0x00000005d7800000| Untracked 
| 176|0x00000005d8000000, 0x00000005d8000000, 0x00000005d8800000|  0%| F|  |TAMS 0x00000005d8000000, 0x00000005d8000000| Untracked 
| 177|0x00000005d8800000, 0x00000005d8800000, 0x00000005d9000000|  0%| F|  |TAMS 0x00000005d8800000, 0x00000005d8800000| Untracked 
| 178|0x00000005d9000000, 0x00000005d9000000, 0x00000005d9800000|  0%| F|  |TAMS 0x00000005d9000000, 0x00000005d9000000| Untracked 
| 179|0x00000005d9800000, 0x00000005d9800000, 0x00000005da000000|  0%| F|  |TAMS 0x00000005d9800000, 0x00000005d9800000| Untracked 
| 180|0x00000005da000000, 0x00000005da000000, 0x00000005da800000|  0%| F|  |TAMS 0x00000005da000000, 0x00000005da000000| Untracked 
| 181|0x00000005da800000, 0x00000005da800000, 0x00000005db000000|  0%| F|  |TAMS 0x00000005da800000, 0x00000005da800000| Untracked 
| 182|0x00000005db000000, 0x00000005db000000, 0x00000005db800000|  0%| F|  |TAMS 0x00000005db000000, 0x00000005db000000| Untracked 
| 183|0x00000005db800000, 0x00000005db800000, 0x00000005dc000000|  0%| F|  |TAMS 0x00000005db800000, 0x00000005db800000| Untracked 
| 184|0x00000005dc000000, 0x00000005dc000000, 0x00000005dc800000|  0%| F|  |TAMS 0x00000005dc000000, 0x00000005dc000000| Untracked 
| 185|0x00000005dc800000, 0x00000005dc800000, 0x00000005dd000000|  0%| F|  |TAMS 0x00000005dc800000, 0x00000005dc800000| Untracked 
| 186|0x00000005dd000000, 0x00000005dd000000, 0x00000005dd800000|  0%| F|  |TAMS 0x00000005dd000000, 0x00000005dd000000| Untracked 
| 187|0x00000005dd800000, 0x00000005dd800000, 0x00000005de000000|  0%| F|  |TAMS 0x00000005dd800000, 0x00000005dd800000| Untracked 
| 188|0x00000005de000000, 0x00000005de000000, 0x00000005de800000|  0%| F|  |TAMS 0x00000005de000000, 0x00000005de000000| Untracked 
| 189|0x00000005de800000, 0x00000005de800000, 0x00000005df000000|  0%| F|  |TAMS 0x00000005de800000, 0x00000005de800000| Untracked 
| 190|0x00000005df000000, 0x00000005df000000, 0x00000005df800000|  0%| F|  |TAMS 0x00000005df000000, 0x00000005df000000| Untracked 
| 191|0x00000005df800000, 0x00000005df800000, 0x00000005e0000000|  0%| F|  |TAMS 0x00000005df800000, 0x00000005df800000| Untracked 
| 192|0x00000005e0000000, 0x00000005e0000000, 0x00000005e0800000|  0%| F|  |TAMS 0x00000005e0000000, 0x00000005e0000000| Untracked 
| 193|0x00000005e0800000, 0x00000005e0800000, 0x00000005e1000000|  0%| F|  |TAMS 0x00000005e0800000, 0x00000005e0800000| Untracked 
| 194|0x00000005e1000000, 0x00000005e1000000, 0x00000005e1800000|  0%| F|  |TAMS 0x00000005e1000000, 0x00000005e1000000| Untracked 
| 195|0x00000005e1800000, 0x00000005e1800000, 0x00000005e2000000|  0%| F|  |TAMS 0x00000005e1800000, 0x00000005e1800000| Untracked 
| 196|0x00000005e2000000, 0x00000005e2000000, 0x00000005e2800000|  0%| F|  |TAMS 0x00000005e2000000, 0x00000005e2000000| Untracked 
| 197|0x00000005e2800000, 0x00000005e2800000, 0x00000005e3000000|  0%| F|  |TAMS 0x00000005e2800000, 0x00000005e2800000| Untracked 
| 198|0x00000005e3000000, 0x00000005e3000000, 0x00000005e3800000|  0%| F|  |TAMS 0x00000005e3000000, 0x00000005e3000000| Untracked 
| 199|0x00000005e3800000, 0x00000005e3800000, 0x00000005e4000000|  0%| F|  |TAMS 0x00000005e3800000, 0x00000005e3800000| Untracked 
| 200|0x00000005e4000000, 0x00000005e4000000, 0x00000005e4800000|  0%| F|  |TAMS 0x00000005e4000000, 0x00000005e4000000| Untracked 
| 201|0x00000005e4800000, 0x00000005e4800000, 0x00000005e5000000|  0%| F|  |TAMS 0x00000005e4800000, 0x00000005e4800000| Untracked 
| 202|0x00000005e5000000, 0x00000005e5000000, 0x00000005e5800000|  0%| F|  |TAMS 0x00000005e5000000, 0x00000005e5000000| Untracked 
| 203|0x00000005e5800000, 0x00000005e5800000, 0x00000005e6000000|  0%| F|  |TAMS 0x00000005e5800000, 0x00000005e5800000| Untracked 
| 204|0x00000005e6000000, 0x00000005e6000000, 0x00000005e6800000|  0%| F|  |TAMS 0x00000005e6000000, 0x00000005e6000000| Untracked 
| 205|0x00000005e6800000, 0x00000005e6800000, 0x00000005e7000000|  0%| F|  |TAMS 0x00000005e6800000, 0x00000005e6800000| Untracked 
| 206|0x00000005e7000000, 0x00000005e7000000, 0x00000005e7800000|  0%| F|  |TAMS 0x00000005e7000000, 0x00000005e7000000| Untracked 
| 207|0x00000005e7800000, 0x00000005e7800000, 0x00000005e8000000|  0%| F|  |TAMS 0x00000005e7800000, 0x00000005e7800000| Untracked 
| 208|0x00000005e8000000, 0x00000005e8000000, 0x00000005e8800000|  0%| F|  |TAMS 0x00000005e8000000, 0x00000005e8000000| Untracked 
| 209|0x00000005e8800000, 0x00000005e8800000, 0x00000005e9000000|  0%| F|  |TAMS 0x00000005e8800000, 0x00000005e8800000| Untracked 
| 210|0x00000005e9000000, 0x00000005e9000000, 0x00000005e9800000|  0%| F|  |TAMS 0x00000005e9000000, 0x00000005e9000000| Untracked 
| 211|0x00000005e9800000, 0x00000005e9800000, 0x00000005ea000000|  0%| F|  |TAMS 0x00000005e9800000, 0x00000005e9800000| Untracked 
| 212|0x00000005ea000000, 0x00000005ea000000, 0x00000005ea800000|  0%| F|  |TAMS 0x00000005ea000000, 0x00000005ea000000| Untracked 
| 213|0x00000005ea800000, 0x00000005ea800000, 0x00000005eb000000|  0%| F|  |TAMS 0x00000005ea800000, 0x00000005ea800000| Untracked 
| 214|0x00000005eb000000, 0x00000005eb000000, 0x00000005eb800000|  0%| F|  |TAMS 0x00000005eb000000, 0x00000005eb000000| Untracked 
| 215|0x00000005eb800000, 0x00000005eb800000, 0x00000005ec000000|  0%| F|  |TAMS 0x00000005eb800000, 0x00000005eb800000| Untracked 
| 216|0x00000005ec000000, 0x00000005ec000000, 0x00000005ec800000|  0%| F|  |TAMS 0x00000005ec000000, 0x00000005ec000000| Untracked 
| 217|0x00000005ec800000, 0x00000005ec800000, 0x00000005ed000000|  0%| F|  |TAMS 0x00000005ec800000, 0x00000005ec800000| Untracked 
| 218|0x00000005ed000000, 0x00000005ed000000, 0x00000005ed800000|  0%| F|  |TAMS 0x00000005ed000000, 0x00000005ed000000| Untracked 
| 219|0x00000005ed800000, 0x00000005ed800000, 0x00000005ee000000|  0%| F|  |TAMS 0x00000005ed800000, 0x00000005ed800000| Untracked 
| 220|0x00000005ee000000, 0x00000005ee000000, 0x00000005ee800000|  0%| F|  |TAMS 0x00000005ee000000, 0x00000005ee000000| Untracked 
| 221|0x00000005ee800000, 0x00000005ee800000, 0x00000005ef000000|  0%| F|  |TAMS 0x00000005ee800000, 0x00000005ee800000| Untracked 
| 222|0x00000005ef000000, 0x00000005ef000000, 0x00000005ef800000|  0%| F|  |TAMS 0x00000005ef000000, 0x00000005ef000000| Untracked 
| 223|0x00000005ef800000, 0x00000005ef800000, 0x00000005f0000000|  0%| F|  |TAMS 0x00000005ef800000, 0x00000005ef800000| Untracked 
| 224|0x00000005f0000000, 0x00000005f0000000, 0x00000005f0800000|  0%| F|  |TAMS 0x00000005f0000000, 0x00000005f0000000| Untracked 
| 225|0x00000005f0800000, 0x00000005f0800000, 0x00000005f1000000|  0%| F|  |TAMS 0x00000005f0800000, 0x00000005f0800000| Untracked 
| 226|0x00000005f1000000, 0x00000005f1000000, 0x00000005f1800000|  0%| F|  |TAMS 0x00000005f1000000, 0x00000005f1000000| Untracked 
| 227|0x00000005f1800000, 0x00000005f1800000, 0x00000005f2000000|  0%| F|  |TAMS 0x00000005f1800000, 0x00000005f1800000| Untracked 
| 228|0x00000005f2000000, 0x00000005f2000000, 0x00000005f2800000|  0%| F|  |TAMS 0x00000005f2000000, 0x00000005f2000000| Untracked 
| 229|0x00000005f2800000, 0x00000005f2800000, 0x00000005f3000000|  0%| F|  |TAMS 0x00000005f2800000, 0x00000005f2800000| Untracked 
| 230|0x00000005f3000000, 0x00000005f3000000, 0x00000005f3800000|  0%| F|  |TAMS 0x00000005f3000000, 0x00000005f3000000| Untracked 
| 231|0x00000005f3800000, 0x00000005f3800000, 0x00000005f4000000|  0%| F|  |TAMS 0x00000005f3800000, 0x00000005f3800000| Untracked 
| 232|0x00000005f4000000, 0x00000005f4000000, 0x00000005f4800000|  0%| F|  |TAMS 0x00000005f4000000, 0x00000005f4000000| Untracked 
| 233|0x00000005f4800000, 0x00000005f4800000, 0x00000005f5000000|  0%| F|  |TAMS 0x00000005f4800000, 0x00000005f4800000| Untracked 
| 234|0x00000005f5000000, 0x00000005f5000000, 0x00000005f5800000|  0%| F|  |TAMS 0x00000005f5000000, 0x00000005f5000000| Untracked 
| 235|0x00000005f5800000, 0x00000005f5800000, 0x00000005f6000000|  0%| F|  |TAMS 0x00000005f5800000, 0x00000005f5800000| Untracked 
| 236|0x00000005f6000000, 0x00000005f6000000, 0x00000005f6800000|  0%| F|  |TAMS 0x00000005f6000000, 0x00000005f6000000| Untracked 
| 237|0x00000005f6800000, 0x00000005f6800000, 0x00000005f7000000|  0%| F|  |TAMS 0x00000005f6800000, 0x00000005f6800000| Untracked 
| 238|0x00000005f7000000, 0x00000005f7000000, 0x00000005f7800000|  0%| F|  |TAMS 0x00000005f7000000, 0x00000005f7000000| Untracked 
| 239|0x00000005f7800000, 0x00000005f7800000, 0x00000005f8000000|  0%| F|  |TAMS 0x00000005f7800000, 0x00000005f7800000| Untracked 
| 240|0x00000005f8000000, 0x00000005f8000000, 0x00000005f8800000|  0%| F|  |TAMS 0x00000005f8000000, 0x00000005f8000000| Untracked 
| 241|0x00000005f8800000, 0x00000005f8800000, 0x00000005f9000000|  0%| F|  |TAMS 0x00000005f8800000, 0x00000005f8800000| Untracked 
| 242|0x00000005f9000000, 0x00000005f9000000, 0x00000005f9800000|  0%| F|  |TAMS 0x00000005f9000000, 0x00000005f9000000| Untracked 
| 243|0x00000005f9800000, 0x00000005f9800000, 0x00000005fa000000|  0%| F|  |TAMS 0x00000005f9800000, 0x00000005f9800000| Untracked 
| 244|0x00000005fa000000, 0x00000005fa000000, 0x00000005fa800000|  0%| F|  |TAMS 0x00000005fa000000, 0x00000005fa000000| Untracked 
| 245|0x00000005fa800000, 0x00000005faebe8a0, 0x00000005fb000000| 84%| S|CS|TAMS 0x00000005fa800000, 0x00000005fa800000| Complete 
| 246|0x00000005fb000000, 0x00000005fb000000, 0x00000005fb800000|  0%| F|  |TAMS 0x00000005fb000000, 0x00000005fb000000| Untracked 
| 247|0x00000005fb800000, 0x00000005fb800000, 0x00000005fc000000|  0%| F|  |TAMS 0x00000005fb800000, 0x00000005fb800000| Untracked 
| 248|0x00000005fc000000, 0x00000005fc000000, 0x00000005fc800000|  0%| F|  |TAMS 0x00000005fc000000, 0x00000005fc000000| Untracked 
| 249|0x00000005fc800000, 0x00000005fc800000, 0x00000005fd000000|  0%| F|  |TAMS 0x00000005fc800000, 0x00000005fc800000| Untracked 
| 250|0x00000005fd000000, 0x00000005fd000000, 0x00000005fd800000|  0%| F|  |TAMS 0x00000005fd000000, 0x00000005fd000000| Untracked 
| 251|0x00000005fd800000, 0x00000005fd800000, 0x00000005fe000000|  0%| F|  |TAMS 0x00000005fd800000, 0x00000005fd800000| Untracked 
| 252|0x00000005fe000000, 0x00000005fe000000, 0x00000005fe800000|  0%| F|  |TAMS 0x00000005fe000000, 0x00000005fe000000| Untracked 
| 253|0x00000005fe800000, 0x00000005fe800000, 0x00000005ff000000|  0%| F|  |TAMS 0x00000005fe800000, 0x00000005fe800000| Untracked 
| 254|0x00000005ff000000, 0x00000005ff000000, 0x00000005ff800000|  0%| F|  |TAMS 0x00000005ff000000, 0x00000005ff000000| Untracked 
| 255|0x00000005ff800000, 0x00000005ffd3eae0, 0x0000000600000000| 65%| E|  |TAMS 0x00000005ff800000, 0x00000005ff800000| Complete 
|1278|0x00000007ff000000, 0x00000007ff777000, 0x00000007ff800000| 93%|OA|  |TAMS 0x00000007ff000000, 0x00000007ff000000| Untracked 
|1279|0x00000007ff800000, 0x00000007ff878000, 0x0000000800000000|  5%|CA|  |TAMS 0x00000007ff800000, 0x00000007ff800000| Untracked 

Card table byte_map: [0x0000148233efa000,0x00001482352fa000] _byte_map_base: 0x00001482312fa000

Marking Bits (Prev, Next): (CMBitMap*) 0x000014824c07f930, (CMBitMap*) 0x000014824c07f970
 Prev Bits: [0x0000148228afa000, 0x0000148232afa000)
 Next Bits: [0x000014821eafa000, 0x0000148228afa000)

Polling page: 0x0000148255305000

Metaspace:

Usage:
  Non-class:     16.36 MB used.
      Class:      2.13 MB used.
       Both:     18.48 MB used.

Virtual space:
  Non-class space:       64.00 MB reserved,      16.62 MB ( 26%) committed,  1 nodes.
      Class space:        1.00 GB reserved,       2.31 MB ( <1%) committed,  1 nodes.
             Both:        1.06 GB reserved,      18.94 MB (  2%) committed. 

Chunk freelists:
   Non-Class:  15.17 MB
       Class:  13.67 MB
        Both:  28.84 MB

MaxMetaspaceSize: unlimited
CompressedClassSpaceSize: 1.00 GB
Initial GC threshold: 21.00 MB
Current GC threshold: 21.00 MB
CDS: on
MetaspaceReclaimPolicy: balanced
 - commit_granule_bytes: 65536.
 - commit_granule_words: 8192.
 - virtual_space_node_default_size: 8388608.
 - enlarge_chunks_in_place: 1.
 - new_chunks_are_fully_committed: 0.
 - uncommit_free_chunks: 1.
 - use_allocation_guard: 0.
 - handle_deallocations: 1.


Internal statistics:

num_allocs_failed_limit: 0.
num_arena_births: 476.
num_arena_deaths: 0.
num_vsnodes_births: 2.
num_vsnodes_deaths: 0.
num_space_committed: 303.
num_space_uncommitted: 0.
num_chunks_returned_to_freelist: 0.
num_chunks_taken_from_freelist: 1108.
num_chunk_merges: 0.
num_chunk_splits: 730.
num_chunks_enlarged: 482.
num_inconsistent_stats: 0.

CodeHeap 'non-profiled nmethods': size=119168Kb used=2534Kb max_used=2534Kb free=116633Kb
 bounds [0x000014823ce9a000, 0x000014823d11a000, 0x00001482442fa000]
CodeHeap 'profiled nmethods': size=119164Kb used=8259Kb max_used=8259Kb free=110904Kb
 bounds [0x00001482352fa000, 0x0000148235b1a000, 0x000014823c759000]
CodeHeap 'non-nmethods': size=7428Kb used=1574Kb max_used=3368Kb free=5853Kb
 bounds [0x000014823c759000, 0x000014823caa9000, 0x000014823ce9a000]
 total_blobs=4958 nmethods=4335 adapters=534
 compilation: enabled
              stopped_count=0, restarted_count=0
 full_count=0

Compilation events (20 events):
Event: 157.797 Thread 0x000014824c32dea0 4323       3       java.nio.Buffer::discardMark (6 bytes)
Event: 157.797 Thread 0x000014824c32dea0 nmethod 4323 0x0000148235b02e90 code [0x0000148235b03020, 0x0000148235b03130]
Event: 161.936 Thread 0x000014824c32dea0 4325   !   3       sun.nio.cs.StreamDecoder::readBytes (271 bytes)
Event: 161.937 Thread 0x000014824c32dea0 nmethod 4325 0x0000148235b03190 code [0x0000148235b034a0, 0x0000148235b04480]
Event: 162.628 Thread 0x000014824c32dea0 4326       3       java.nio.HeapByteBuffer::compact (85 bytes)
Event: 162.628 Thread 0x000014824c32dea0 nmethod 4326 0x0000148235b04d10 code [0x0000148235b04f00, 0x0000148235b05500]
Event: 168.924 Thread 0x000014824c32dea0 4329       3       sun.nio.cs.StreamDecoder::implRead (243 bytes)
Event: 168.925 Thread 0x000014824c32dea0 nmethod 4329 0x0000148235b05710 code [0x0000148235b059c0, 0x0000148235b067b0]
Event: 168.926 Thread 0x000014824c32dea0 4327       3       java.io.InputStreamReader::read (11 bytes)
Event: 168.926 Thread 0x000014824c32dea0 nmethod 4327 0x0000148235b06c90 code [0x0000148235b06e40, 0x0000148235b06fa0]
Event: 168.926 Thread 0x000014824c32dea0 4328   !   3       sun.nio.cs.StreamDecoder::read (220 bytes)
Event: 168.927 Thread 0x000014824c32dea0 nmethod 4328 0x0000148235b07090 code [0x0000148235b07320, 0x0000148235b07f60]
Event: 191.405 Thread 0x000014824c32dea0 4330  s    3       java.io.BufferedOutputStream::flush (12 bytes)
Event: 191.406 Thread 0x000014824c32dea0 nmethod 4330 0x0000148235b08490 code [0x0000148235b08660, 0x0000148235b08a50]
Event: 250.314 Thread 0x000014824c32dea0 4331       3       java.io.PrintStream::ensureOpen (18 bytes)
Event: 250.314 Thread 0x000014824c32dea0 nmethod 4331 0x0000148235b08b90 code [0x0000148235b08d40, 0x0000148235b08f40]
Event: 250.315 Thread 0x000014824c32dea0 4332       3       java.io.BufferedReader::fill (170 bytes)
Event: 250.316 Thread 0x000014824c32dea0 nmethod 4332 0x0000148235b09010 code [0x0000148235b09200, 0x0000148235b09880]
Event: 253.919 Thread 0x000014824c32dea0 4333       3       java.lang.invoke.LambdaForm$MH/0x00001481c802ec00::invoke (25 bytes)
Event: 253.920 Thread 0x000014824c32dea0 nmethod 4333 0x0000148235b09a10 code [0x0000148235b09be0, 0x0000148235b0a130]

GC Heap History (4 events):
Event: 1.965 GC heap before
{Heap before GC invocations=0 (full 0):
 garbage-first heap   total 2113536K, used 98236K [0x0000000580000000, 0x0000000800000000)
  region size 8192K, 12 young (98304K), 0 survivors (0K)
 Metaspace       used 17257K, committed 17600K, reserved 1114112K
  class space    used 2054K, committed 2240K, reserved 1048576K
}
Event: 1.972 GC heap after
{Heap after GC invocations=1 (full 0):
 garbage-first heap   total 2113536K, used 19702K [0x0000000580000000, 0x0000000800000000)
  region size 8192K, 2 young (16384K), 2 survivors (16384K)
 Metaspace       used 17257K, committed 17600K, reserved 1114112K
  class space    used 2054K, committed 2240K, reserved 1048576K
}
Event: 3.985 GC heap before
{Heap before GC invocations=1 (full 0):
 garbage-first heap   total 2113536K, used 101622K [0x0000000580000000, 0x0000000800000000)
  region size 8192K, 12 young (98304K), 2 survivors (16384K)
 Metaspace       used 18529K, committed 18880K, reserved 1114112K
  class space    used 2137K, committed 2304K, reserved 1048576K
}
Event: 3.995 GC heap after
{Heap after GC invocations=2 (full 0):
 garbage-first heap   total 2113536K, used 25289K [0x0000000580000000, 0x0000000800000000)
  region size 8192K, 1 young (8192K), 1 survivors (8192K)
 Metaspace       used 18529K, committed 18880K, reserved 1114112K
  class space    used 2137K, committed 2304K, reserved 1048576K
}

Dll operation events (7 events):
Event: 0.004 Loaded shared library /software/treeoflife/custom-installs/bin/nextflow/26.04.3-12259/zulu17.58.21-ca-jdk17.0.15-linux_x64/lib/libjava.so
Event: 0.025 Loaded shared library /software/treeoflife/custom-installs/bin/nextflow/26.04.3-12259/zulu17.58.21-ca-jdk17.0.15-linux_x64/lib/libjsvml.so
Event: 0.033 Loaded shared library /software/treeoflife/custom-installs/bin/nextflow/26.04.3-12259/zulu17.58.21-ca-jdk17.0.15-linux_x64/lib/libnio.so
Event: 0.042 Loaded shared library /software/treeoflife/custom-installs/bin/nextflow/26.04.3-12259/zulu17.58.21-ca-jdk17.0.15-linux_x64/lib/libzip.so
Event: 0.052 Loaded shared library /software/treeoflife/custom-installs/bin/nextflow/26.04.3-12259/zulu17.58.21-ca-jdk17.0.15-linux_x64/lib/libverify.so
Event: 0.073 Loaded shared library /software/treeoflife/custom-installs/bin/nextflow/26.04.3-12259/zulu17.58.21-ca-jdk17.0.15-linux_x64/lib/libjimage.so
Event: 0.341 Loaded shared library /software/treeoflife/custom-installs/bin/nextflow/26.04.3-12259/zulu17.58.21-ca-jdk17.0.15-linux_x64/lib/libnet.so

Deoptimization events (20 events):
Event: 3.009 Thread 0x000014824c02c6f0 DEOPT PACKING pc=0x000014823cf9052c sp=0x0000148253c3af60
Event: 3.009 Thread 0x000014824c02c6f0 DEOPT UNPACKING pc=0x000014823c7b2b19 sp=0x0000148253c3ae50 mode 2
Event: 3.095 Thread 0x000014824c02c6f0 DEOPT PACKING pc=0x00001482358f6511 sp=0x0000148253c3ad70
Event: 3.095 Thread 0x000014824c02c6f0 DEOPT UNPACKING pc=0x000014823c7b364f sp=0x0000148253c3a2a0 mode 0
Event: 4.101 Thread 0x000014824c02c6f0 Uncommon trap: trap_request=0xffffffde fr.pc=0x000014823d093444 relative=0x00000000000016a4
Event: 4.101 Thread 0x000014824c02c6f0 Uncommon trap: reason=class_check action=maybe_recompile pc=0x000014823d093444 method=java.util.TimSort.mergeHi(IIII)V @ 227 c2
Event: 4.101 Thread 0x000014824c02c6f0 DEOPT PACKING pc=0x000014823d093444 sp=0x0000148253c39a40
Event: 4.101 Thread 0x000014824c02c6f0 DEOPT UNPACKING pc=0x000014823c7b2b19 sp=0x0000148253c399f8 mode 2
Event: 4.108 Thread 0x000014824c02c6f0 Uncommon trap: trap_request=0xffffff45 fr.pc=0x000014823d0911d0 relative=0x00000000000004f0
Event: 4.108 Thread 0x000014824c02c6f0 Uncommon trap: reason=unstable_if action=reinterpret pc=0x000014823d0911d0 method=jdk.internal.org.objectweb.asm.MethodWriter.visitVarInsn(II)V @ 242 c2
Event: 4.108 Thread 0x000014824c02c6f0 DEOPT PACKING pc=0x000014823d0911d0 sp=0x0000148253c390d0
Event: 4.108 Thread 0x000014824c02c6f0 DEOPT UNPACKING pc=0x000014823c7b2b19 sp=0x0000148253c39098 mode 2
Event: 4.117 Thread 0x000014824c02c6f0 Uncommon trap: trap_request=0xffffff45 fr.pc=0x000014823d0fe028 relative=0x0000000000000288
Event: 4.117 Thread 0x000014824c02c6f0 Uncommon trap: reason=unstable_if action=reinterpret pc=0x000014823d0fe028 method=sun.nio.fs.UnixPath.normalizeAndCheck(Ljava/lang/String;)Ljava/lang/String; @ 61 c2
Event: 4.117 Thread 0x000014824c02c6f0 DEOPT PACKING pc=0x000014823d0fe028 sp=0x0000148253c39b90
Event: 4.117 Thread 0x000014824c02c6f0 DEOPT UNPACKING pc=0x000014823c7b2b19 sp=0x0000148253c39b30 mode 2
Event: 5.164 Thread 0x000014824c02c6f0 Uncommon trap: trap_request=0xffffff45 fr.pc=0x000014823d0fd688 relative=0x0000000000000368
Event: 5.164 Thread 0x000014824c02c6f0 Uncommon trap: reason=unstable_if action=reinterpret pc=0x000014823d0fd688 method=sun.nio.fs.UnixPath.normalizeAndCheck(Ljava/lang/String;)Ljava/lang/String; @ 61 c2
Event: 5.164 Thread 0x000014824c02c6f0 DEOPT PACKING pc=0x000014823d0fd688 sp=0x0000148253c39b90
Event: 5.164 Thread 0x000014824c02c6f0 DEOPT UNPACKING pc=0x000014823c7b2b19 sp=0x0000148253c39b30 mode 2

Classes loaded (20 events):
Event: 4.084 Loading class org/w3c/dom/Node done
Event: 4.084 Loading class org/w3c/dom/Element done
Event: 4.117 Loading class sun/nio/fs/UnixException
Event: 4.117 Loading class sun/nio/fs/UnixException done
Event: 4.118 Loading class java/lang/ProcessBuilder$Redirect
Event: 4.118 Loading class java/lang/ProcessBuilder$Redirect done
Event: 4.118 Loading class java/lang/ProcessBuilder$Redirect$1
Event: 4.118 Loading class java/lang/ProcessBuilder$Redirect$1 done
Event: 4.118 Loading class java/lang/ProcessBuilder$Redirect$2
Event: 4.118 Loading class java/lang/ProcessBuilder$Redirect$2 done
Event: 4.118 Loading class java/lang/ProcessBuilder$Redirect$3
Event: 4.118 Loading class java/lang/ProcessBuilder$Redirect$3 done
Event: 4.118 Loading class java/lang/ProcessBuilder$Redirect$Type
Event: 4.118 Loading class java/lang/ProcessBuilder$Redirect$Type done
Event: 4.119 Loading class java/lang/ProcessBuilder$RedirectPipeImpl
Event: 4.119 Loading class java/lang/ProcessBuilder$RedirectPipeImpl done
Event: 4.127 Loading class java/lang/ProcessBuilder$NullInputStream
Event: 4.127 Loading class java/lang/ProcessBuilder$NullInputStream done
Event: 5.360 Loading class java/io/StringReader
Event: 5.360 Loading class java/io/StringReader done

Classes unloaded (0 events):
No events

Classes redefined (0 events):
No events

Internal exceptions (20 events):
Event: 4.088 Thread 0x000014824c02c6f0 Exception <a 'java/lang/ClassNotFoundException'{0x00000005ff881930}: groovy/lang/GString$1BeanInfo> (0x00000005ff881930) 
thrown [src/hotspot/share/classfile/systemDictionary.cpp, line 259]
Event: 4.088 Thread 0x000014824c02c6f0 Exception <a 'java/lang/ClassNotFoundException'{0x00000005ff882e88}: groovy/lang/GStringBeanInfo> (0x00000005ff882e88) 
thrown [src/hotspot/share/classfile/systemDictionary.cpp, line 259]
Event: 4.089 Thread 0x000014824c02c6f0 Exception <a 'java/lang/ClassNotFoundException'{0x00000005ff8843a8}: groovy/lang/GStringCustomizer> (0x00000005ff8843a8) 
thrown [src/hotspot/share/classfile/systemDictionary.cpp, line 259]
Event: 4.089 Thread 0x000014824c02c6f0 Exception <a 'java/lang/ClassNotFoundException'{0x00000005ff891970}: groovy/lang/GString$1Customizer> (0x00000005ff891970) 
thrown [src/hotspot/share/classfile/systemDictionary.cpp, line 259]
Event: 4.095 Thread 0x000014824c02c6f0 Exception <a 'java/lang/ClassNotFoundException'{0x00000005ff8c1a08}: com/askimed/nf/test/lang/pipeline/PipelineContextBeanInfo> (0x00000005ff8c1a08) 
thrown [src/hotspot/share/classfile/systemDictionary.cpp, line 259]
Event: 4.095 Thread 0x000014824c02c6f0 Exception <a 'java/lang/ClassNotFoundException'{0x00000005ff8c3020}: com/askimed/nf/test/lang/TestContextBeanInfo> (0x00000005ff8c3020) 
thrown [src/hotspot/share/classfile/systemDictionary.cpp, line 259]
Event: 4.095 Thread 0x000014824c02c6f0 Exception <a 'java/lang/ClassNotFoundException'{0x00000005ff8c4608}: com/askimed/nf/test/lang/TestContextCustomizer> (0x00000005ff8c4608) 
thrown [src/hotspot/share/classfile/systemDictionary.cpp, line 259]
Event: 4.096 Thread 0x000014824c02c6f0 Exception <a 'java/lang/ClassNotFoundException'{0x00000005ff8d2418}: com/askimed/nf/test/lang/pipeline/PipelineContextCustomizer> (0x00000005ff8d2418) 
thrown [src/hotspot/share/classfile/systemDictionary.cpp, line 259]
Event: 4.100 Thread 0x000014824c02c6f0 Exception <a 'java/lang/ClassNotFoundException'{0x00000005ff904ad0}: org/codehaus/groovy/runtime/GStringImplBeanInfo> (0x00000005ff904ad0) 
thrown [src/hotspot/share/classfile/systemDictionary.cpp, line 259]
Event: 4.101 Thread 0x000014824c02c6f0 Exception <a 'java/lang/ClassNotFoundException'{0x00000005ff906118}: org/codehaus/groovy/runtime/GStringImplCustomizer> (0x00000005ff906118) 
thrown [src/hotspot/share/classfile/systemDictionary.cpp, line 259]
Event: 4.104 Thread 0x000014824c02c6f0 Exception <a 'java/lang/ClassNotFoundException'{0x00000005ff92f0c0}: nf_core/nf/test/utils/MethodsBeanInfo> (0x00000005ff92f0c0) 
thrown [src/hotspot/share/classfile/systemDictionary.cpp, line 259]
Event: 4.104 Thread 0x000014824c02c6f0 Exception <a 'java/lang/ClassNotFoundException'{0x00000005ff930cb8}: nf_core/nf/test/utils/MethodsCustomizer> (0x00000005ff930cb8) 
thrown [src/hotspot/share/classfile/systemDictionary.cpp, line 259]
Event: 4.106 Thread 0x000014824c02c6f0 Exception <a 'java/lang/NoSuchMethodError'{0x00000005ff95fd80}: 'long java.lang.invoke.DirectMethodHandle$Holder.invokeVirtual(java.lang.Object, java.lang.Object)'> (0x00000005ff95fd80) 
thrown [src/hotspot/share/interpreter/linkResolver.cpp, line 759]
Event: 4.107 Thread 0x000014824c02c6f0 Exception <a 'java/lang/NoSuchMethodError'{0x00000005ff963b70}: 'float java.lang.invoke.DirectMethodHandle$Holder.invokeVirtual(java.lang.Object, java.lang.Object)'> (0x00000005ff963b70) 
thrown [src/hotspot/share/interpreter/linkResolver.cpp, line 759]
Event: 4.107 Thread 0x000014824c02c6f0 Exception <a 'java/lang/NoSuchMethodError'{0x00000005ff967a78}: 'double java.lang.invoke.DirectMethodHandle$Holder.invokeVirtual(java.lang.Object, java.lang.Object)'> (0x00000005ff967a78) 
thrown [src/hotspot/share/interpreter/linkResolver.cpp, line 759]
Event: 4.107 Thread 0x000014824c02c6f0 Exception <a 'java/lang/NoSuchMethodError'{0x00000005ff96be78}: 'java.lang.Object java.lang.invoke.DirectMethodHandle$Holder.newInvokeSpecial(java.lang.Object, double)'> (0x00000005ff96be78) 
thrown [src/hotspot/share/interpreter/linkResolver.cpp, line 759]
Event: 4.108 Thread 0x000014824c02c6f0 Exception <a 'java/lang/NoSuchMethodError'{0x00000005ff9731b0}: 'double java.lang.invoke.DelegatingMethodHandle$Holder.reinvoke_L(java.lang.Object, java.lang.Object)'> (0x00000005ff9731b0) 
thrown [src/hotspot/share/interpreter/linkResolver.cpp, line 759]
Event: 4.109 Thread 0x000014824c02c6f0 Exception <a 'java/lang/NoSuchMethodError'{0x00000005ff97aaf0}: 'java.lang.Object java.lang.invoke.DirectMethodHandle$Holder.newInvokeSpecial(java.lang.Object, long)'> (0x00000005ff97aaf0) 
thrown [src/hotspot/share/interpreter/linkResolver.cpp, line 759]
Event: 4.117 Thread 0x000014824c02c6f0 Exception <a 'sun/nio/fs/UnixException'{0x00000005ff9d9ce8}> (0x00000005ff9d9ce8) 
thrown [src/hotspot/share/prims/jni.cpp, line 516]
Event: 5.165 Thread 0x000014824c02c6f0 Exception <a 'sun/nio/fs/UnixException'{0x00000005ff9f2cf0}> (0x00000005ff9f2cf0) 
thrown [src/hotspot/share/prims/jni.cpp, line 516]

VM Operations (20 events):
Event: 2.941 Executing VM operation: ICBufferFull
Event: 2.942 Executing VM operation: ICBufferFull done
Event: 3.942 Executing VM operation: Cleanup
Event: 3.942 Executing VM operation: Cleanup done
Event: 3.985 Executing VM operation: G1CollectForAllocation
Event: 3.995 Executing VM operation: G1CollectForAllocation done
Event: 4.111 Executing VM operation: HandshakeAllThreads
Event: 4.111 Executing VM operation: HandshakeAllThreads done
Event: 5.111 Executing VM operation: Cleanup
Event: 5.112 Executing VM operation: Cleanup done
Event: 6.112 Executing VM operation: Cleanup
Event: 6.112 Executing VM operation: Cleanup done
Event: 60.045 Executing VM operation: HandshakeAllThreads
Event: 60.045 Executing VM operation: HandshakeAllThreads done
Event: 163.061 Executing VM operation: Cleanup
Event: 163.061 Executing VM operation: Cleanup done
Event: 164.061 Executing VM operation: Cleanup
Event: 164.062 Executing VM operation: Cleanup done
Event: 200.066 Executing VM operation: Cleanup
Event: 200.066 Executing VM operation: Cleanup done

Memory protections (20 events):
Event: 0.031 Protecting memory [0x00001481c258d000,0x00001481c2591000] with protection modes 0
Event: 0.032 Protecting memory [0x00001481c238c000,0x00001481c2390000] with protection modes 0
Event: 0.036 Protecting memory [0x00001481c228c000,0x00001481c2290000] with protection modes 0
Event: 0.040 Protecting memory [0x00001481c218c000,0x00001481c2190000] with protection modes 0
Event: 0.173 Protecting memory [0x00001481c207c000,0x00001481c2080000] with protection modes 0
Event: 0.173 Protecting memory [0x00001481c1f7c000,0x00001481c1f80000] with protection modes 0
Event: 0.453 Protecting memory [0x00001481c1f5a000,0x00001481c1f5e000] with protection modes 0
Event: 0.454 Protecting memory [0x00001481c1e5a000,0x00001481c1e5e000] with protection modes 0
Event: 0.454 Protecting memory [0x00001481c1d5a000,0x00001481c1d5e000] with protection modes 0
Event: 1.369 Protecting memory [0x00001481c207c000,0x00001481c2080000] with protection modes 0
Event: 1.369 Protecting memory [0x00001481c1f7c000,0x00001481c1f80000] with protection modes 0
Event: 1.369 Protecting memory [0x00001481c218c000,0x00001481c2190000] with protection modes 0
Event: 1.369 Protecting memory [0x00001481c1d5a000,0x00001481c1d5e000] with protection modes 0
Event: 1.385 Protecting memory [0x00001481c1e5a000,0x00001481c1e5e000] with protection modes 0
Event: 1.393 Protecting memory [0x00001481c1b38000,0x00001481c1b3c000] with protection modes 0
Event: 1.655 Protecting memory [0x00001481c1a38000,0x00001481c1a3c000] with protection modes 0
Event: 1.681 Protecting memory [0x00001481c1938000,0x00001481c193c000] with protection modes 0
Event: 2.660 Protecting memory [0x00001481c1a38000,0x00001481c1a3c000] with protection modes 0
Event: 5.369 Protecting memory [0x00001481c1f7c000,0x00001481c1f80000] with protection modes 0
Event: 5.369 Protecting memory [0x00001481c207c000,0x00001481c2080000] with protection modes 0

Nmethod flushes (0 events):
No events

Events (20 events):
Event: 1.369 Thread 0x000014824c32c960 Thread added: 0x00001481a813ec00
Event: 1.369 Thread 0x000014824c32c960 Thread added: 0x00001481a813f720
Event: 1.369 Thread 0x000014824c32c960 Thread added: 0x00001481a80d93a0
Event: 1.385 Thread 0x00001481a80d93a0 Thread added: 0x0000148178002900
Event: 1.393 Thread 0x000014824c32dea0 Thread added: 0x000014819c1169f0
Event: 1.655 Thread 0x0000148178002900 Thread added: 0x000014817413b4a0
Event: 1.681 Thread 0x00001481a80d85f0 Thread added: 0x000014818838a650
Event: 1.897 Thread 0x000014818838a650 Thread exited: 0x000014818838a650
Event: 2.100 Thread 0x000014817413b4a0 Thread exited: 0x000014817413b4a0
Event: 2.660 Thread 0x000014819c1169f0 Thread added: 0x000014816c15b090
Event: 3.223 Thread 0x000014816c15b090 Thread exited: 0x000014816c15b090
Event: 4.077 Thread 0x000014819c1169f0 Thread exited: 0x000014819c1169f0
Event: 4.077 Thread 0x00001481a80d93a0 Thread exited: 0x00001481a80d93a0
Event: 4.077 Thread 0x0000148178002900 Thread exited: 0x0000148178002900
Event: 4.078 Thread 0x00001481a813f720 Thread exited: 0x00001481a813f720
Event: 4.078 Thread 0x00001481a80d85f0 Thread exited: 0x00001481a80d85f0
Event: 4.078 Thread 0x00001481a813ec00 Thread exited: 0x00001481a813ec00
Event: 5.369 Thread 0x000014824c02c6f0 Thread added: 0x000014824c7b8ca0
Event: 5.369 Thread 0x000014824c02c6f0 Thread added: 0x000014824c7b9370
Event: 14.045 Thread 0x000014819c01c630 Thread exited: 0x000014819c01c630


Dynamic libraries:
580000000-600000000 rw-p 00000000 00:00 0 
600000000-7ff000000 ---p 00000000 00:00 0 
7ff000000-7ff700000 rw-p 00000000 00:00 0 
7ff700000-7ff777000 rw-p 00ca9000 00:3a 11150275545                      /software/treeoflife/custom-installs/bin/nextflow/26.04.3-12259/zulu17.58.21-ca-jdk17.0.15-linux_x64/lib/server/classes.jsa
7ff777000-7ff800000 rw-p 00000000 00:00 0 
7ff800000-7ff878000 rw-p 00c31000 00:3a 11150275545                      /software/treeoflife/custom-installs/bin/nextflow/26.04.3-12259/zulu17.58.21-ca-jdk17.0.15-linux_x64/lib/server/classes.jsa
7ff878000-800000000 rw-p 00000000 00:00 0 
14813c000000-14813c021000 rw-p 00000000 00:00 0 
14813c021000-148140000000 ---p 00000000 00:00 0 
148140000000-148140021000 rw-p 00000000 00:00 0 
148140021000-148144000000 ---p 00000000 00:00 0 
148144000000-148144021000 rw-p 00000000 00:00 0 
148144021000-148148000000 ---p 00000000 00:00 0 
148148000000-148148021000 rw-p 00000000 00:00 0 
148148021000-14814c000000 ---p 00000000 00:00 0 
14814c000000-14814c021000 rw-p 00000000 00:00 0 
14814c021000-148150000000 ---p 00000000 00:00 0 
148150000000-148150021000 rw-p 00000000 00:00 0 
148150021000-148154000000 ---p 00000000 00:00 0 
148154000000-148154021000 rw-p 00000000 00:00 0 
148154021000-148158000000 ---p 00000000 00:00 0 
148158000000-148158021000 rw-p 00000000 00:00 0 
148158021000-14815c000000 ---p 00000000 00:00 0 
14815c000000-14815c021000 rw-p 00000000 00:00 0 
14815c021000-148160000000 ---p 00000000 00:00 0 
148160000000-148160021000 rw-p 00000000 00:00 0 
148160021000-148164000000 ---p 00000000 00:00 0 
148164000000-1481641b8000 rw-p 00000000 00:00 0 
1481641b8000-148168000000 ---p 00000000 00:00 0 
148168000000-148168021000 rw-p 00000000 00:00 0 
148168021000-14816c000000 ---p 00000000 00:00 0 
14816c000000-14816c165000 rw-p 00000000 00:00 0 
14816c165000-148170000000 ---p 00000000 00:00 0 
148170000000-148170a41000 rw-p 00000000 00:00 0 
148170a41000-148174000000 ---p 00000000 00:00 0 
148174000000-148174184000 rw-p 00000000 00:00 0 
148174184000-148178000000 ---p 00000000 00:00 0 
148178000000-148178acc000 rw-p 00000000 00:00 0 
148178acc000-14817c000000 ---p 00000000 00:00 0 
14817c000000-14817c9a5000 rw-p 00000000 00:00 0 
14817c9a5000-148180000000 ---p 00000000 00:00 0 
148180000000-148180021000 rw-p 00000000 00:00 0 
148180021000-148184000000 ---p 00000000 00:00 0 
148184000000-148185032000 rw-p 00000000 00:00 0 
148185032000-148188000000 ---p 00000000 00:00 0 
148188000000-148188828000 rw-p 00000000 00:00 0 
148188828000-14818c000000 ---p 00000000 00:00 0 
14818c000000-14818c021000 rw-p 00000000 00:00 0 
14818c021000-148190000000 ---p 00000000 00:00 0 
148190000000-1481902cf000 rw-p 00000000 00:00 0 
1481902cf000-148194000000 ---p 00000000 00:00 0 
148194000000-148194021000 rw-p 00000000 00:00 0 
148194021000-148198000000 ---p 00000000 00:00 0 
148198000000-148198021000 rw-p 00000000 00:00 0 
148198021000-14819c000000 ---p 00000000 00:00 0 
14819c000000-14819c2a8000 rw-p 00000000 00:00 0 
14819c2a8000-1481a0000000 ---p 00000000 00:00 0 
1481a0000000-1481a0021000 rw-p 00000000 00:00 0 
1481a0021000-1481a4000000 ---p 00000000 00:00 0 
1481a4000000-1481a4021000 rw-p 00000000 00:00 0 
1481a4021000-1481a8000000 ---p 00000000 00:00 0 
1481a8000000-1481a8ed5000 rw-p 00000000 00:00 0 
1481a8ed5000-1481ac000000 ---p 00000000 00:00 0 
1481ac000000-1481ac021000 rw-p 00000000 00:00 0 
1481ac021000-1481b0000000 ---p 00000000 00:00 0 
1481b0000000-1481b0021000 rw-p 00000000 00:00 0 
1481b0021000-1481b4000000 ---p 00000000 00:00 0 
1481b4000000-1481b4021000 rw-p 00000000 00:00 0 
1481b4021000-1481b8000000 ---p 00000000 00:00 0 
1481b8000000-1481b8021000 rw-p 00000000 00:00 0 
1481b8021000-1481bc000000 ---p 00000000 00:00 0 
1481bc000000-1481bc021000 rw-p 00000000 00:00 0 
1481bc021000-1481c0000000 ---p 00000000 00:00 0 
1481c0a92000-1481c0d2c000 rw-p 00000000 00:00 0 
1481c0d2c000-1481c0d2d000 ---p 00000000 00:00 0 
1481c0d2d000-1481c0e2d000 rw-p 00000000 00:00 0 
1481c0e2d000-1481c0e2e000 ---p 00000000 00:00 0 
1481c0e2e000-1481c0f2e000 rw-p 00000000 00:00 0 
1481c0f2e000-1481c0f2f000 ---p 00000000 00:00 0 
1481c0f2f000-1481c102f000 rw-p 00000000 00:00 0 
1481c102f000-1481c1030000 ---p 00000000 00:00 0 
1481c1030000-1481c1130000 rw-p 00000000 00:00 0 
1481c1130000-1481c1131000 ---p 00000000 00:00 0 
1481c1131000-1481c1231000 rw-p 00000000 00:00 0 
1481c1231000-1481c1232000 ---p 00000000 00:00 0 
1481c1232000-1481c1332000 rw-p 00000000 00:00 0 
1481c1332000-1481c1333000 ---p 00000000 00:00 0 
1481c1333000-1481c1433000 rw-p 00000000 00:00 0 
1481c1433000-1481c1434000 ---p 00000000 00:00 0 
1481c1434000-1481c1534000 rw-p 00000000 00:00 0 
1481c1534000-1481c1535000 ---p 00000000 00:00 0 
1481c1535000-1481c1635000 rw-p 00000000 00:00 0 
1481c1635000-1481c1636000 ---p 00000000 00:00 0 
1481c1636000-1481c1736000 rw-p 00000000 00:00 0 
1481c1736000-1481c1737000 ---p 00000000 00:00 0 
1481c1737000-1481c1837000 rw-p 00000000 00:00 0 
1481c1837000-1481c1838000 ---p 00000000 00:00 0 
1481c1838000-1481c1938000 rw-p 00000000 00:00 0 
1481c1938000-1481c193c000 ---p 00000000 00:00 0 
1481c193c000-1481c1a38000 rw-p 00000000 00:00 0 
1481c1a38000-1481c1a3c000 ---p 00000000 00:00 0 
1481c1a3c000-1481c1b38000 rw-p 00000000 00:00 0 
1481c1b38000-1481c1b3c000 ---p 00000000 00:00 0 
1481c1b3c000-1481c1d5a000 rw-p 00000000 00:00 0 
1481c1d5a000-1481c1d5e000 ---p 00000000 00:00 0 
1481c1d5e000-1481c1e5a000 rw-p 00000000 00:00 0 
1481c1e5a000-1481c1e5e000 ---p 00000000 00:00 0 
1481c1e5e000-1481c1f5a000 rw-p 00000000 00:00 0 
1481c1f5a000-1481c1f5e000 ---p 00000000 00:00 0 
1481c1f5e000-1481c1f7c000 rw-p 00000000 00:00 0 
1481c1f7c000-1481c1f80000 ---p 00000000 00:00 0 
1481c1f80000-1481c207c000 rw-p 00000000 00:00 0 
1481c207c000-1481c2080000 ---p 00000000 00:00 0 
1481c2080000-1481c217c000 rw-p 00000000 00:00 0 
1481c217c000-1481c2189000 r-xp 00000000 00:3a 11149633030                /software/treeoflife/custom-installs/bin/nextflow/26.04.3-12259/zulu17.58.21-ca-jdk17.0.15-linux_x64/lib/libverify.so
1481c2189000-1481c218b000 r--p 0000c000 00:3a 11149633030                /software/treeoflife/custom-installs/bin/nextflow/26.04.3-12259/zulu17.58.21-ca-jdk17.0.15-linux_x64/lib/libverify.so
1481c218b000-1481c218c000 rw-p 0000e000 00:3a 11149633030                /software/treeoflife/custom-installs/bin/nextflow/26.04.3-12259/zulu17.58.21-ca-jdk17.0.15-linux_x64/lib/libverify.so
1481c218c000-1481c2190000 ---p 00000000 00:00 0 
1481c2190000-1481c228c000 rw-p 00000000 00:00 0 
1481c228c000-1481c2290000 ---p 00000000 00:00 0 
1481c2290000-1481c238c000 rw-p 00000000 00:00 0 
1481c238c000-1481c2390000 ---p 00000000 00:00 0 
1481c2390000-1481c248c000 rw-p 00000000 00:00 0 
1481c248c000-1481c248d000 ---p 00000000 00:00 0 
1481c248d000-1481c258d000 rw-p 00000000 00:00 0 
1481c258d000-1481c2591000 ---p 00000000 00:00 0 
1481c2591000-1481c268d000 rw-p 00000000 00:00 0 
1481c268d000-1481c2691000 ---p 00000000 00:00 0 
1481c2691000-1481c278d000 rw-p 00000000 00:00 0 
1481c278d000-1481c2791000 ---p 00000000 00:00 0 
1481c2791000-1481c288d000 rw-p 00000000 00:00 0 
1481c288d000-1481c2891000 ---p 00000000 00:00 0 
1481c2891000-1481c298d000 rw-p 00000000 00:00 0 
1481c298d000-1481c2991000 ---p 00000000 00:00 0 
1481c2991000-1481c2a8d000 rw-p 00000000 00:00 0 
1481c2a8d000-1481c3000000 r--p 00000000 fd:00 1573035                    /usr/lib/locale/locale-archive
1481c3000000-1481c3400000 rw-p 00000000 00:00 0 
1481c3400000-1481c3900000 rw-p 00000000 00:00 0 
1481c3900000-1481c3a00000 rw-p 00000000 00:00 0 
1481c3a00000-1481c3f00000 rw-p 00000000 00:00 0 
1481c3f00000-1481c3fc0000 rw-p 00000000 00:00 0 
1481c3fc0000-1481c4000000 ---p 00000000 00:00 0 
1481c4000000-1481c40e0000 rw-p 00000000 00:00 0 
1481c40e0000-1481c7000000 ---p 00000000 00:00 0 
1481c7000000-1481c7bf8000 rw-p 00001000 00:3a 11150275545                /software/treeoflife/custom-installs/bin/nextflow/26.04.3-12259/zulu17.58.21-ca-jdk17.0.15-linux_x64/lib/server/classes.jsa
1481c7bf8000-1481c8000000 ---p 00000000 00:00 0 
1481c8000000-1481c8040000 rw-p 00000000 00:00 0 
1481c8040000-1481c80c0000 rw-p 00000000 00:00 0 
1481c80c0000-1481c8100000 rw-p 00000000 00:00 0 
1481c8100000-1481c81f0000 rw-p 00000000 00:00 0 
1481c81f0000-1481c8200000 ---p 00000000 00:00 0 
1481c8200000-1481c8260000 rw-p 00000000 00:00 0 
1481c8260000-148208000000 ---p 00000000 00:00 0 
148208000000-148208021000 rw-p 00000000 00:00 0 
148208021000-14820c000000 ---p 00000000 00:00 0 
14820c000000-14820c021000 rw-p 00000000 00:00 0 
14820c021000-148210000000 ---p 00000000 00:00 0 
148210000000-148210021000 rw-p 00000000 00:00 0 
148210021000-148214000000 ---p 00000000 00:00 0 
148214000000-148214021000 rw-p 00000000 00:00 0 
148214021000-148218000000 ---p 00000000 00:00 0 
148218000000-148218021000 rw-p 00000000 00:00 0 
148218021000-14821c000000 ---p 00000000 00:00 0 
14821c008000-14821c00c000 ---p 00000000 00:00 0 
14821c00c000-14821c108000 rw-p 00000000 00:00 0 
14821c108000-14821c10c000 ---p 00000000 00:00 0 
14821c10c000-14821c208000 rw-p 00000000 00:00 0 
14821c208000-14821c20c000 ---p 00000000 00:00 0 
14821c20c000-14821c308000 rw-p 00000000 00:00 0 
14821c308000-14821c30c000 ---p 00000000 00:00 0 
14821c30c000-14821c408000 rw-p 00000000 00:00 0 
14821c408000-14821c409000 ---p 00000000 00:00 0 
14821c409000-14821c509000 rw-p 00000000 00:00 0 
14821c509000-14821c5d7000 r-xp 00000000 00:3a 11150275544                /software/treeoflife/custom-installs/bin/nextflow/26.04.3-12259/zulu17.58.21-ca-jdk17.0.15-linux_x64/lib/libjsvml.so
14821c5d7000-14821c5d8000 r--p 000cd000 00:3a 11150275544                /software/treeoflife/custom-installs/bin/nextflow/26.04.3-12259/zulu17.58.21-ca-jdk17.0.15-linux_x64/lib/libjsvml.so
14821c5d8000-14821c5d9000 rw-p 000ce000 00:3a 11150275544                /software/treeoflife/custom-installs/bin/nextflow/26.04.3-12259/zulu17.58.21-ca-jdk17.0.15-linux_x64/lib/libjsvml.so
14821c5d9000-14821c6f6000 rw-p 00000000 00:00 0 
14821c6f6000-14821c6f7000 ---p 00000000 00:00 0 
14821c6f7000-14821c7f7000 rw-p 00000000 00:00 0 
14821c7f7000-14821c7f8000 ---p 00000000 00:00 0 
14821c7f8000-148220afa000 rw-p 00000000 00:00 0 
148220afa000-148228aba000 ---p 00000000 00:00 0 
148228aba000-14822aafa000 rw-p 00000000 00:00 0 
14822aafa000-148232aba000 ---p 00000000 00:00 0 
148232aba000-148232efa000 rw-p 00000000 00:00 0 
148232efa000-148233ef2000 ---p 00000000 00:00 0 
148233ef2000-1482342fa000 rw-p 00000000 00:00 0 
1482342fa000-1482352f2000 ---p 00000000 00:00 0 
1482352f2000-1482352fa000 rw-p 00000000 00:00 0 
1482352fa000-148235b1a000 rwxp 00000000 00:00 0 
148235b1a000-14823c759000 ---p 00000000 00:00 0 
14823c759000-14823caa9000 rwxp 00000000 00:00 0 
14823caa9000-14823ce9a000 ---p 00000000 00:00 0 
14823ce9a000-14823d11a000 rwxp 00000000 00:00 0 
14823d11a000-1482442fa000 ---p 00000000 00:00 0 
1482442fa000-14824c000000 r--s 00000000 00:3a 11149633025                /software/treeoflife/custom-installs/bin/nextflow/26.04.3-12259/zulu17.58.21-ca-jdk17.0.15-linux_x64/lib/modules
14824c000000-14824c98a000 rw-p 00000000 00:00 0 
14824c98a000-148250000000 ---p 00000000 00:00 0 
148250006000-14825000d000 r--s 00000000 fd:00 1599522                    /usr/lib/x86_64-linux-gnu/gconv/gconv-modules.cache
14825000d000-148250022000 r-xp 00000000 00:3a 11154524244                /software/treeoflife/custom-installs/bin/nextflow/26.04.3-12259/zulu17.58.21-ca-jdk17.0.15-linux_x64/lib/libnet.so
148250022000-148250023000 r--p 00014000 00:3a 11154524244                /software/treeoflife/custom-installs/bin/nextflow/26.04.3-12259/zulu17.58.21-ca-jdk17.0.15-linux_x64/lib/libnet.so
148250023000-148250024000 rw-p 00015000 00:3a 11154524244                /software/treeoflife/custom-installs/bin/nextflow/26.04.3-12259/zulu17.58.21-ca-jdk17.0.15-linux_x64/lib/libnet.so
148250024000-148250037000 r-xp 00000000 00:3a 11147976147                /software/treeoflife/custom-installs/bin/nextflow/26.04.3-12259/zulu17.58.21-ca-jdk17.0.15-linux_x64/lib/libnio.so
148250037000-148250038000 r--p 00012000 00:3a 11147976147                /software/treeoflife/custom-installs/bin/nextflow/26.04.3-12259/zulu17.58.21-ca-jdk17.0.15-linux_x64/lib/libnio.so
148250038000-148250039000 rw-p 00013000 00:3a 11147976147                /software/treeoflife/custom-installs/bin/nextflow/26.04.3-12259/zulu17.58.21-ca-jdk17.0.15-linux_x64/lib/libnio.so
148250039000-148250b44000 rw-p 00000000 00:00 0 
148250b44000-148250b45000 ---p 00000000 00:00 0 
148250b45000-148250c45000 rw-p 00000000 00:00 0 
148250c45000-148250c46000 ---p 00000000 00:00 0 
148250c46000-148250d46000 rw-p 00000000 00:00 0 
148250d46000-148250d47000 ---p 00000000 00:00 0 
148250d47000-1482512c2000 rw-p 00000000 00:00 0 
1482512c2000-1482522ba000 ---p 00000000 00:00 0 
1482522ba000-148253025000 rw-p 00000000 00:00 0 
148253025000-148253109000 ---p 00000000 00:00 0 
148253109000-14825311a000 rw-p 00000000 00:00 0 
14825311a000-1482531f2000 ---p 00000000 00:00 0 
1482531f2000-1482531f9000 rw-p 00000000 00:00 0 
1482531f9000-148253201000 ---p 00000000 00:00 0 
148253201000-148253225000 r-xp 00000000 00:3a 11158243923                /software/treeoflife/custom-installs/bin/nextflow/26.04.3-12259/zulu17.58.21-ca-jdk17.0.15-linux_x64/lib/libjava.so
148253225000-148253226000 ---p 00024000 00:3a 11158243923                /software/treeoflife/custom-installs/bin/nextflow/26.04.3-12259/zulu17.58.21-ca-jdk17.0.15-linux_x64/lib/libjava.so
148253226000-148253227000 r--p 00024000 00:3a 11158243923                /software/treeoflife/custom-installs/bin/nextflow/26.04.3-12259/zulu17.58.21-ca-jdk17.0.15-linux_x64/lib/libjava.so
148253227000-148253228000 rw-p 00025000 00:3a 11158243923                /software/treeoflife/custom-installs/bin/nextflow/26.04.3-12259/zulu17.58.21-ca-jdk17.0.15-linux_x64/lib/libjava.so
148253228000-148253229000 rw-p 00000000 00:00 0 
148253229000-148253afd000 r--s 00000000 fd:02 4727592                    /var/lib/sss/mc/passwd
148253afd000-148253aff000 r--p 00000000 fd:00 1575583                    /usr/lib/x86_64-linux-gnu/libnss_sss.so.2
148253aff000-148253b06000 r-xp 00002000 fd:00 1575583                    /usr/lib/x86_64-linux-gnu/libnss_sss.so.2
148253b06000-148253b08000 r--p 00009000 fd:00 1575583                    /usr/lib/x86_64-linux-gnu/libnss_sss.so.2
148253b08000-148253b09000 r--p 0000a000 fd:00 1575583                    /usr/lib/x86_64-linux-gnu/libnss_sss.so.2
148253b09000-148253b0a000 rw-p 0000b000 fd:00 1575583                    /usr/lib/x86_64-linux-gnu/libnss_sss.so.2
148253b0d000-148253b14000 r-xp 00000000 00:3a 11155489423                /software/treeoflife/custom-installs/bin/nextflow/26.04.3-12259/zulu17.58.21-ca-jdk17.0.15-linux_x64/lib/libzip.so
148253b14000-148253b15000 ---p 00007000 00:3a 11155489423                /software/treeoflife/custom-installs/bin/nextflow/26.04.3-12259/zulu17.58.21-ca-jdk17.0.15-linux_x64/lib/libzip.so
148253b15000-148253b16000 r--p 00007000 00:3a 11155489423                /software/treeoflife/custom-installs/bin/nextflow/26.04.3-12259/zulu17.58.21-ca-jdk17.0.15-linux_x64/lib/libzip.so
148253b16000-148253b17000 rw-p 00008000 00:3a 11155489423                /software/treeoflife/custom-installs/bin/nextflow/26.04.3-12259/zulu17.58.21-ca-jdk17.0.15-linux_x64/lib/libzip.so
148253b17000-148253b1f000 rw-s 00000000 fd:03 86900738                   /tmp/hsperfdata_jd42/2859472
148253b1f000-148253b3a000 r-xp 00000000 00:3a 11152953041                /software/treeoflife/custom-installs/bin/nextflow/26.04.3-12259/zulu17.58.21-ca-jdk17.0.15-linux_x64/lib/libjimage.so
148253b3a000-148253b3c000 r--p 0001a000 00:3a 11152953041                /software/treeoflife/custom-installs/bin/nextflow/26.04.3-12259/zulu17.58.21-ca-jdk17.0.15-linux_x64/lib/libjimage.so
148253b3c000-148253b3d000 rw-p 0001c000 00:3a 11152953041                /software/treeoflife/custom-installs/bin/nextflow/26.04.3-12259/zulu17.58.21-ca-jdk17.0.15-linux_x64/lib/libjimage.so
148253b3d000-148253b41000 ---p 00000000 00:00 0 
148253b41000-148253c3d000 rw-p 00000000 00:00 0 
148253c3d000-148253c4b000 r--p 00000000 fd:00 1582859                    /usr/lib/x86_64-linux-gnu/libm.so.6
148253c4b000-148253cc7000 r-xp 0000e000 fd:00 1582859                    /usr/lib/x86_64-linux-gnu/libm.so.6
148253cc7000-148253d22000 r--p 0008a000 fd:00 1582859                    /usr/lib/x86_64-linux-gnu/libm.so.6
148253d22000-148253d23000 r--p 000e4000 fd:00 1582859                    /usr/lib/x86_64-linux-gnu/libm.so.6
148253d23000-148253d24000 rw-p 000e5000 fd:00 1582859                    /usr/lib/x86_64-linux-gnu/libm.so.6
148253d24000-148253d25000 r--p 00000000 fd:00 1584734                    /usr/lib/x86_64-linux-gnu/librt.so.1
148253d25000-148253d26000 r-xp 00001000 fd:00 1584734                    /usr/lib/x86_64-linux-gnu/librt.so.1
148253d26000-148253d27000 r--p 00002000 fd:00 1584734                    /usr/lib/x86_64-linux-gnu/librt.so.1
148253d27000-148253d28000 r--p 00002000 fd:00 1584734                    /usr/lib/x86_64-linux-gnu/librt.so.1
148253d28000-148253d29000 rw-p 00003000 fd:00 1584734                    /usr/lib/x86_64-linux-gnu/librt.so.1
148253d29000-148254f42000 r-xp 00000000 00:3a 11146538353                /software/treeoflife/custom-installs/bin/nextflow/26.04.3-12259/zulu17.58.21-ca-jdk17.0.15-linux_x64/lib/server/libjvm.so
148254f42000-148254f43000 ---p 01219000 00:3a 11146538353                /software/treeoflife/custom-installs/bin/nextflow/26.04.3-12259/zulu17.58.21-ca-jdk17.0.15-linux_x64/lib/server/libjvm.so
148254f43000-148254ffc000 r--p 01219000 00:3a 11146538353                /software/treeoflife/custom-installs/bin/nextflow/26.04.3-12259/zulu17.58.21-ca-jdk17.0.15-linux_x64/lib/server/libjvm.so
148254ffc000-148255031000 rw-p 012d2000 00:3a 11146538353                /software/treeoflife/custom-installs/bin/nextflow/26.04.3-12259/zulu17.58.21-ca-jdk17.0.15-linux_x64/lib/server/libjvm.so
148255031000-14825508f000 rw-p 00000000 00:00 0 
14825508f000-1482550b7000 r--p 00000000 fd:00 1582833                    /usr/lib/x86_64-linux-gnu/libc.so.6
1482550b7000-14825524c000 r-xp 00028000 fd:00 1582833                    /usr/lib/x86_64-linux-gnu/libc.so.6
14825524c000-1482552a4000 r--p 001bd000 fd:00 1582833                    /usr/lib/x86_64-linux-gnu/libc.so.6
1482552a4000-1482552a5000 ---p 00215000 fd:00 1582833                    /usr/lib/x86_64-linux-gnu/libc.so.6
1482552a5000-1482552a9000 r--p 00215000 fd:00 1582833                    /usr/lib/x86_64-linux-gnu/libc.so.6
1482552a9000-1482552ab000 rw-p 00219000 fd:00 1582833                    /usr/lib/x86_64-linux-gnu/libc.so.6
1482552ab000-1482552ba000 rw-p 00000000 00:00 0 
1482552ba000-1482552bb000 r--p 00000000 fd:00 1582855                    /usr/lib/x86_64-linux-gnu/libdl.so.2
1482552bb000-1482552bc000 r-xp 00001000 fd:00 1582855                    /usr/lib/x86_64-linux-gnu/libdl.so.2
1482552bc000-1482552bd000 r--p 00002000 fd:00 1582855                    /usr/lib/x86_64-linux-gnu/libdl.so.2
1482552bd000-1482552be000 r--p 00002000 fd:00 1582855                    /usr/lib/x86_64-linux-gnu/libdl.so.2
1482552be000-1482552bf000 rw-p 00003000 fd:00 1582855                    /usr/lib/x86_64-linux-gnu/libdl.so.2
1482552bf000-1482552c0000 r--p 00000000 fd:00 1584731                    /usr/lib/x86_64-linux-gnu/libpthread.so.0
1482552c0000-1482552c1000 r-xp 00001000 fd:00 1584731                    /usr/lib/x86_64-linux-gnu/libpthread.so.0
1482552c1000-1482552c2000 r--p 00002000 fd:00 1584731                    /usr/lib/x86_64-linux-gnu/libpthread.so.0
1482552c2000-1482552c3000 r--p 00002000 fd:00 1584731                    /usr/lib/x86_64-linux-gnu/libpthread.so.0
1482552c3000-1482552c4000 rw-p 00003000 fd:00 1584731                    /usr/lib/x86_64-linux-gnu/libpthread.so.0
1482552c4000-1482552d3000 r-xp 00000000 00:3a 11154959815                /software/treeoflife/custom-installs/bin/nextflow/26.04.3-12259/zulu17.58.21-ca-jdk17.0.15-linux_x64/lib/libjli.so
1482552d3000-1482552d4000 ---p 0000f000 00:3a 11154959815                /software/treeoflife/custom-installs/bin/nextflow/26.04.3-12259/zulu17.58.21-ca-jdk17.0.15-linux_x64/lib/libjli.so
1482552d4000-1482552d5000 r--p 0000f000 00:3a 11154959815                /software/treeoflife/custom-installs/bin/nextflow/26.04.3-12259/zulu17.58.21-ca-jdk17.0.15-linux_x64/lib/libjli.so
1482552d5000-1482552d6000 rw-p 00010000 00:3a 11154959815                /software/treeoflife/custom-installs/bin/nextflow/26.04.3-12259/zulu17.58.21-ca-jdk17.0.15-linux_x64/lib/libjli.so
1482552d6000-1482552d8000 r--p 00000000 fd:00 1573140                    /usr/lib/x86_64-linux-gnu/libz.so.1.2.11
1482552d8000-1482552e9000 r-xp 00002000 fd:00 1573140                    /usr/lib/x86_64-linux-gnu/libz.so.1.2.11
1482552e9000-1482552ef000 r--p 00013000 fd:00 1573140                    /usr/lib/x86_64-linux-gnu/libz.so.1.2.11
1482552ef000-1482552f0000 ---p 00019000 fd:00 1573140                    /usr/lib/x86_64-linux-gnu/libz.so.1.2.11
1482552f0000-1482552f1000 r--p 00019000 fd:00 1573140                    /usr/lib/x86_64-linux-gnu/libz.so.1.2.11
1482552f1000-1482552f2000 rw-p 0001a000 fd:00 1573140                    /usr/lib/x86_64-linux-gnu/libz.so.1.2.11
1482552f8000-1482552f9000 r--p 00000000 fd:00 1716881                    /usr/share/locale-langpack/en_GB/LC_MESSAGES/libc.mo
1482552f9000-1482552fb000 r--p 00000000 fd:00 1584725                    /usr/lib/x86_64-linux-gnu/libnss_compat.so.2
1482552fb000-148255302000 r-xp 00002000 fd:00 1584725                    /usr/lib/x86_64-linux-gnu/libnss_compat.so.2
148255302000-148255303000 r--p 00009000 fd:00 1584725                    /usr/lib/x86_64-linux-gnu/libnss_compat.so.2
148255303000-148255304000 r--p 00009000 fd:00 1584725                    /usr/lib/x86_64-linux-gnu/libnss_compat.so.2
148255304000-148255305000 rw-p 0000a000 fd:00 1584725                    /usr/lib/x86_64-linux-gnu/libnss_compat.so.2
148255305000-148255306000 ---p 00000000 00:00 0 
148255306000-148255307000 r--p 00000000 00:00 0 
148255307000-148255309000 rw-p 00000000 00:00 0 
148255309000-14825530b000 r--p 00000000 fd:00 1572953                    /usr/lib/x86_64-linux-gnu/ld-linux-x86-64.so.2
14825530b000-148255335000 r-xp 00002000 fd:00 1572953                    /usr/lib/x86_64-linux-gnu/ld-linux-x86-64.so.2
148255335000-148255340000 r--p 0002c000 fd:00 1572953                    /usr/lib/x86_64-linux-gnu/ld-linux-x86-64.so.2
148255340000-148255341000 ---p 00000000 00:00 0 
148255341000-148255343000 r--p 00037000 fd:00 1572953                    /usr/lib/x86_64-linux-gnu/ld-linux-x86-64.so.2
148255343000-148255345000 rw-p 00039000 fd:00 1572953                    /usr/lib/x86_64-linux-gnu/ld-linux-x86-64.so.2
560a82d4f000-560a82d50000 r-xp 00000000 00:3a 11150461485                /software/treeoflife/custom-installs/bin/nextflow/26.04.3-12259/zulu17.58.21-ca-jdk17.0.15-linux_x64/bin/java
560a82d51000-560a82d52000 r--p 00001000 00:3a 11150461485                /software/treeoflife/custom-installs/bin/nextflow/26.04.3-12259/zulu17.58.21-ca-jdk17.0.15-linux_x64/bin/java
560a82d52000-560a82d53000 rw-p 00002000 00:3a 11150461485                /software/treeoflife/custom-installs/bin/nextflow/26.04.3-12259/zulu17.58.21-ca-jdk17.0.15-linux_x64/bin/java
560a96aeb000-560a96c93000 rw-p 00000000 00:00 0                          [heap]
7ffd5b259000-7ffd5b288000 rw-p 00000000 00:00 0                          [stack]
7ffd5b2d8000-7ffd5b2dc000 r--p 00000000 00:00 0                          [vvar]
7ffd5b2dc000-7ffd5b2de000 r-xp 00000000 00:00 0                          [vdso]
ffffffffff600000-ffffffffff601000 --xp 00000000 00:00 0                  [vsyscall]


VM Arguments:
jvm_args: -Xmx10G 
java_command: /software/conda/users/jd42/nextflow/share/nf-test-0.9.5-0/nf-test.jar test tests/default.nf.test --profile=+singularity --verbose --update-snapshot
java_class_path (initial): /software/conda/users/jd42/nextflow/share/nf-test-0.9.5-0/nf-test.jar
Launcher Type: SUN_STANDARD

[Global flags]
     intx CICompilerCount                          = 12                                        {product} {ergonomic}
     uint ConcGCThreads                            = 3                                         {product} {ergonomic}
     uint G1ConcRefinementThreads                  = 13                                        {product} {ergonomic}
   size_t G1HeapRegionSize                         = 8388608                                   {product} {ergonomic}
    uintx GCDrainStackTargetSize                   = 64                                        {product} {ergonomic}
   size_t InitialHeapSize                          = 2147483648                                {product} {ergonomic}
   size_t MarkStackSize                            = 4194304                                   {product} {ergonomic}
   size_t MaxHeapSize                              = 10737418240                               {product} {command line}
   size_t MaxNewSize                               = 6442450944                                {product} {ergonomic}
   size_t MinHeapDeltaBytes                        = 8388608                                   {product} {ergonomic}
   size_t MinHeapSize                              = 8388608                                   {product} {ergonomic}
    uintx NonNMethodCodeHeapSize                   = 7602480                                {pd product} {ergonomic}
    uintx NonProfiledCodeHeapSize                  = 122027880                              {pd product} {ergonomic}
    uintx ProfiledCodeHeapSize                     = 122027880                              {pd product} {ergonomic}
    uintx ReservedCodeCacheSize                    = 251658240                              {pd product} {ergonomic}
     bool SegmentedCodeCache                       = true                                      {product} {ergonomic}
   size_t SoftMaxHeapSize                          = 10737418240                            {manageable} {ergonomic}
     bool UseCompressedClassPointers               = true                           {product lp64_product} {ergonomic}
     bool UseCompressedOops                        = true                           {product lp64_product} {ergonomic}
     bool UseG1GC                                  = true                                      {product} {ergonomic}

Logging:
Log output configuration:
 #0: stdout all=warning uptime,level,tags
 #1: stderr all=off uptime,level,tags

Environment Variables:
PATH=/software/conda/users/jd42/nextflow/bin:/nfs/users/nfs_j/jd42/.local/bin:/nfs/users/nfs_j/jd42/.cargo/bin:/software/team311/jd42/bin:/software/tola/installs/tol-workflows/vr-runner:/software/tola/installs/perl5/perlbrew/perls/perl-5.32.0/bin:/software/lsf-tol22/10.1/linux3.10-glibc2.17-x86_64/bin:/nfs/users/nfs_j/jd42/.local/bin:/nfs/users/nfs_j/jd42/.cargo/bin:/software/team311/jd42/bin:/software/tola/installs/tol-workflows/vr-runner:/software/tola/installs/perl5/perlbrew/perls/perl-5.32.0/bin:/software/team311/we3/installs/tola-production/0.7.1/bin:/software/treeoflife/shpc/0.1.26/wrapper/quay.io/sanger-tol/fastk/1.2-c1/bin:/software/treeoflife/shpc/0.1.26/wrapper/quay.io/biocontainers/pretextsnapshot/0.0.6--hd63eeec_0/bin:/software/treeoflife/shpc/0.1.26/wrapper/quay.io/biocontainers/pretextmap/0.2.4--hd63eeec_0/bin:/software/isg/languages/gawk/5.3.2/bin:/software/treeoflife/shpc/0.1.26/wrapper/quay.io/biocontainers/seqkit/2.10.0--h9ee0642_0/bin:/software/badger/module-builds/samtools/1.24/bin:/software/badger/module-builds/htslib/1.24/bin:/software/treeoflife/custom-installs/bin/speciesops/0.6.4:/software/treeoflife/custom-installs/bin/nextflow/26.04.3-12259/nextflow:/software/spack_environments/default/00/opt/spack/linux-ubuntu22.04-x86_64_v3/gcc-13.1.0/singularityce-4.1.0-wmywvbn7r2vl5opbrcibxvtcjxhtwojh/bin:/software/spack_environments/default/00/opt/spack/linux-ubuntu22.04-x86_64_v3/gcc-13.1.0/libfuse-3.16.2-bv66wskfbowhdvl4epthpryxybqr5lfs/bin:/nfs/users/nfs_j/jd42/.local/bin:/nfs/users/nfs_j/jd42/.local/bin:/nfs/users/nfs_j/jd42:/software/team311/jd42/bin:/software/tola/installs/tol-workflows/vr-runner:/software/tola/installs/perl5/perlbrew/bin:/usr/lib/oracle/19.6/client64/bin:/software/lsf-tol22/10.1/linux3.10-glibc2.17-x86_64/etc:/nfs/users/nfs_j/jd42/.local/bin:/nfs/users/nfs_j/jd42/.cargo/bin:/nfs/users/nfs_j/jd42/.local/bin:/software/team311/jd42/uv:/nfs/users/nfs_j/jd42:/software/team311/jd42/bin:/software/cellgen/cellgeni/nextflow/24.10.4:/software/conda/miniforge/condabin:/software/isg/scripts/conda:/software/spack_environments/default/00/opt/spack/linux-ubuntu22.04-x86_64_v3/gcc-13.1.0/cryptsetup-2.3.5-upbw4n4h4w32gcrtmrcgdpl2mq5edkwu/sbin:/software/spack_environments/default/00/opt/spack/linux-ubuntu22.04-x86_64_v3/gcc-13.1.0/singularityce-3.11.5-7tuid3upy5ycy7p72vzybzqulnu6xwc5/bin:/software/spack_environments/default/00/opt/spack/linux-ubuntu22.04-x86_64_v3/gcc-13.1.0/squashfs-4.6.1-itecc4egbbsr7jkezogrcxmjbopxn6uf/bin:/software/spack_environments/default/00/opt/spack/linux-ubuntu22.04-x86_64_v3/gcc-13.1.0/shadow-4.13-ensmdz4txvdqn7hrrb55ng6hntcx7o5j/bin:/software/spack_environments/default/00/opt/spack/linux-ubuntu22.04-x86_64_v3/gcc-13.1.0/libgpg-error-1.47-7dqcbi5usvm24hobw64jgasyniojxxqc/bin:/software/spack_environments/default/00/opt/spack/linux-ubuntu22.04-x86_64_v3/gcc-13.1.0/go-1.21.3-ajxsxmdz6xlxousftu2pqhfxm74rdzpf/bin:/software/spack_environments/default/00/opt/spack/linux-ubuntu22.04-x86_64_v3/gcc-13.1.0/git-2.42.0-d74t4uspxrctldowbi5yxeoripdu6jd3/bin:/software/spack_environments/default/00/opt/spack/linux-ubuntu22.04-x86_64_v3/gcc-13.1.0/openssh-9.5p1-prc23f7yyacqf3b3x2db65x2drddkfsb/bin:/software/spack_environments/default/00/opt/spack/linux-ubuntu22.04-x86_64_v3/gcc-13.1.0/krb5-1.20.1-6ppe3zycfmrgbuw2obvk7la3iiasa2sf/bin:/software/spack_environments/default/00/opt/spack/linux-ubuntu22.04-x86_64_v3/gcc-13.1.0/curl-8.4.0-a5wxpzdj63tghmoecfumoo46cmhenifh/bin:/software/spack_environments/default/00/opt/spack/linux-ubuntu22.04-x86_64_v3/gcc-13.1.0/nghttp2-1.57.0-zfcdx6jf7fmuvuamoeue4xwqwnjd6qdt/bin:/software/spack_environments/default/00/opt/spack/linux-ubuntu22.04-x86_64_v3/gcc-13.1.0/libidn2-2.3.4-tz44ozqmrma6svtsjipvsnf6bnvqxhgm/bin:/software/spack_environments/default/00/opt/spack/linux-ubuntu22.04-x86_64_v3/gcc-13.1.0/util-linux-2.39.1-45odn4gqszqdqn7j5czrkou46sciiyuz/bin:/software/spack_environments/default/00/opt/spack/linux-ubuntu22.04-x86_64_v3/gcc-13.1.0/conmon-2.1.7-u2z4sr4lhsc7j4xzc6ouklwynbhme65e/bin:/software/spack_environments/default/00/opt/spack/linux-ubuntu22.04-x86_64_v3/gcc-13.1.0/libseccomp-2.5.4-sdy3lsuia3cqgv6l7ygpty4rnztgm4a5/bin:/software/spack_environments/default/00/opt/spack/linux-ubuntu22.04-x86_64_v3/gcc-13.1.0/glib-2.78.0-ocd4hb2rwwfi45tpwl35ncqz2y3k3tbr/bin:/software/spack_environments/default/00/opt/spack/linux-ubuntu22.04-x86_64_v3/gcc-13.1.0/python-3.11.6-2rsp5vjoxgxf7xsmoaocvxegzzwk27vn/bin:/software/spack_environments/default/00/opt/spack/linux-ubuntu22.04-x86_64_v3/gcc-13.1.0/util-linux-uuid-2.38.1-cfg5vly5q7hxflv22yqr66tqtkrkslsr/bin:/software/spack_environments/default/00/opt/spack/linux-ubuntu22.04-x86_64_v3/gcc-13.1.0/sqlite-3.43.2-myznosgiz3yd6vvbg3w6t664sjjlqfy7/bin:/software/spack_environments/default/00/opt/spack/linux-ubuntu22.04-x86_64_v3/gcc-13.1.0/openssl-3.1.3-bujcesd7lndbbxht6k5f3vedrimxynv3/bin:/software/spack_environments/default/00/opt/spack/linux-ubuntu22.04-x86_64_v3/gcc-13.1.0/expat-2.5.0-xqykpy5ua4ybofracgkxo2c43udbnkgr/bin:/software/spack_environments/default/00/opt/spack/linux-ubuntu22.04-x86_64_v3/gcc-13.1.0/perl-5.38.0-d6wa47obduh7vgeuf57qtqv7veqtwnxs/bin:/software/spack_environments/default/00/opt/spack/linux-ubuntu22.04-x86_64_v3/gcc-13.1.0/gdbm-1.23-vne54vdb2mhje642g6mu5rn43mu2qgl3/bin:/software/spack_environments/default/00/opt/spack/linux-ubuntu22.04-x86_64_v3/gcc-13.1.0/readline-8.2-4mkszdt4axhewfzidgknxlyyk4cjypmt/bin:/software/spack_environments/default/00/opt/spack/linux-ubuntu22.04-x86_64_v3/gcc-13.1.0/berkeley-db-18.1.40-6kzf3ekqhuk4cauv55g2impj5aklrw4r/bin:/software/spack_environments/default/00/opt/spack/linux-ubuntu22.04-x86_64_v3/gcc-13.1.0/pcre2-10.42-aile5dixy6wochxcp55oddugemkqm4b7/bin:/software/spack_environments/default/00/opt/spack/linux-ubuntu22.04-x86_64_v3/gcc-13.1.0/elfutils-0.189-ova3whvop7b7at7vlfz3y66u6ukuwrcd/bin:/software/spack_environments/default/00/opt/spack/linux-ubuntu22.04-x86_64_v3/gcc-13.1.0/pkgconf-1.9.5-oncjjtdzeq7vqyd2rk6euhwkpvfv5o63/bin:/software/spack_environments/default/00/opt/spack/linux-ubuntu22.04-x86_64_v3/gcc-13.1.0/gettext-0.22.3-dwvyslbblniv7fffh2tacm7z4unnnheq/bin:/software/spack_environments/default/00/opt/spack/linux-ubuntu22.04-x86_64_v3/gcc-13.1.0/tar-1.34-cu4lwvlzxbhgwynkxwd2sz4vya75lthb/bin:/software/spack_environments/default/00/opt/spack/linux-ubuntu22.04-x86_64_v3/gcc-13.1.0/zstd-1.5.5-giajr2lupgllmcvpaqeuwzu64467kl6u/bin:/software/spack_environments/default/00/opt/spack/linux-ubuntu22.04-x86_64_v3/gcc-13.1.0/pigz-2.7-i7bdayvdtswltrirspwm3u3tr432lveo/bin:/software/spack_environments/default/00/opt/spack/linux-ubuntu22.04-x86_64_v3/gcc-13.1.0/ncurses-6.4-fdyk2sckij3lfrjmapx44hzt2y6wtfeo/bin:/software/spack_environments/default/00/opt/spack/linux-ubuntu22.04-x86_64_v3/gcc-13.1.0/libxml2-2.10.3-mocs7x4ak6h2apynziun7hfbvzufivr4/bin:/software/spack_environments/default/00/opt/spack/linux-ubuntu22.04-x86_64_v3/gcc-13.1.0/xz-5.4.1-kznekhie2pomsg733bl6ju6rzfmwx6ju/bin:/software/spack_environments/default/00/opt/spack/linux-ubuntu22.04-x86_64_v3/gcc-13.1.0/libiconv-1.17-ra3jdfvcbxwsmeyowtgg5ya6s6qytx7k/bin:/software/spack_environments/default/00/opt/spack/linux-ubuntu22.04-x86_64_v3/gcc-13.1.0/bzip2-1.0.8-cwc4wbhejdajuihksvg4tie27immse7i/bin:/software/tola/installs/tol-workflows/vr-runner:/software/spack_environments/groups/team311/00/bin:/usr/lib/oracle/19.6/client64/bin:/usr/local/sbin:/usr/local/bin:/usr/sbin:/usr/bin:/sbin:/bin:/usr/games:/usr/local/games:/snap/bin:/bin:/software/bin:/bin:/software/bin
LD_LIBRARY_PATH=/software/lsf-tol22/10.1/linux3.10-glibc2.17-x86_64/lib:/usr/lib/oracle/19.6/client64/lib
SHELL=/bin/bash
HOSTTYPE=X86_64
LANG=en_GB.utf8
LC_CTYPE=en_GB.utf8
TERM=xterm-256color

Active Locale:
LC_ALL=en_GB.utf8
LC_COLLATE=en_GB.utf8
LC_CTYPE=en_GB.utf8
LC_MESSAGES=en_GB.utf8
LC_MONETARY=en_GB.utf8
LC_NUMERIC=en_GB.utf8
LC_TIME=en_GB.utf8

Signal Handlers:
   SIGSEGV: crash_handler in libjvm.so, mask=11100100010111111101111111111110, flags=SA_RESTART|SA_SIGINFO, unblocked
    SIGBUS: crash_handler in libjvm.so, mask=11100100010111111101111111111110, flags=SA_RESTART|SA_SIGINFO, unblocked
    SIGFPE: crash_handler in libjvm.so, mask=11100100010111111101111111111110, flags=SA_RESTART|SA_SIGINFO, unblocked
   SIGPIPE: javaSignalHandler in libjvm.so, mask=11100100010111111101111111111110, flags=SA_RESTART|SA_SIGINFO, blocked
   SIGXFSZ: javaSignalHandler in libjvm.so, mask=11100100010111111101111111111110, flags=SA_RESTART|SA_SIGINFO, blocked
    SIGILL: crash_handler in libjvm.so, mask=11100100010111111101111111111110, flags=SA_RESTART|SA_SIGINFO, unblocked
   SIGUSR2: SR_handler in libjvm.so, mask=00000000000000000000000000000000, flags=SA_RESTART|SA_SIGINFO, blocked
    SIGHUP: SIG_IGN, mask=00000000000000000000000000000000, flags=none, blocked
    SIGINT: UserHandler in libjvm.so, mask=11100100010111111101111111111110, flags=SA_RESTART|SA_SIGINFO, blocked
   SIGTERM: UserHandler in libjvm.so, mask=11100100010111111101111111111110, flags=SA_RESTART|SA_SIGINFO, blocked
   SIGQUIT: UserHandler in libjvm.so, mask=11100100010111111101111111111110, flags=SA_RESTART|SA_SIGINFO, blocked
   SIGTRAP: crash_handler in libjvm.so, mask=11100100010111111101111111111110, flags=SA_RESTART|SA_SIGINFO, unblocked


Periodic native trim disabled


---------------  S Y S T E M  ---------------

OS:
DISTRIB_ID=Ubuntu
DISTRIB_RELEASE=22.04
DISTRIB_CODENAME=jammy
DISTRIB_DESCRIPTION="Ubuntu 22.04.5 LTS"
uname: Linux 5.15.0-177-generic #187-Ubuntu SMP Sat Apr 11 22:54:33 UTC 2026 x86_64
OS uptime: 143 days 1:52 hours
libc: glibc 2.35 NPTL 2.35 
rlimit (soft/hard): STACK infinity/infinity , CORE 0k/0k , NPROC 767607/767607 , NOFILE 131072/131072 , AS infinity/infinity , CPU infinity/infinity , DATA infinity/infinity , FSIZE infinity/infinity , MEMLOCK 64k/64k
load average: 51.63 51.15 49.75

/proc/meminfo:
MemTotal:       196625832 kB
MemFree:        55975388 kB
MemAvailable:   112515264 kB
Buffers:          624296 kB
Cached:         52961392 kB
SwapCached:        40268 kB
Active:          4390380 kB
Inactive:       118550240 kB
Active(anon):     260032 kB
Inactive(anon): 69158148 kB
Active(file):    4130348 kB
Inactive(file): 49392092 kB
Unevictable:      113376 kB
Mlocked:          110304 kB
SwapTotal:      20479992 kB
SwapFree:       20326392 kB
Dirty:             31456 kB
Writeback:          2952 kB
AnonPages:      69424976 kB
Mapped:           386172 kB
Shmem:             50028 kB
KReclaimable:    4462192 kB
Slab:           13205856 kB
SReclaimable:    4462192 kB
SUnreclaim:      8743664 kB
KernelStack:       28176 kB
PageTables:       164448 kB
NFS_Unstable:          0 kB
Bounce:                0 kB
WritebackTmp:          0 kB
CommitLimit:    118792908 kB
Committed_AS:   99067284 kB
VmallocTotal:   34359738367 kB
VmallocUsed:      382520 kB
VmallocChunk:          0 kB
Percpu:           350976 kB
HardwareCorrupted:     0 kB
AnonHugePages:         0 kB
ShmemHugePages:        0 kB
ShmemPmdMapped:        0 kB
FileHugePages:         0 kB
FilePmdMapped:         0 kB
HugePages_Total:       0
HugePages_Free:        0
HugePages_Rsvd:        0
HugePages_Surp:        0
Hugepagesize:       2048 kB
Hugetlb:               0 kB
DirectMap4k:    66993152 kB
DirectMap2M:    130797568 kB
DirectMap1G:     4194304 kB

/sys/kernel/mm/transparent_hugepage/enabled: always [madvise] never
/sys/kernel/mm/transparent_hugepage/hpage_pmd_size: 2097152
/sys/kernel/mm/transparent_hugepage/defrag (defrag/compaction efforts parameter): always defer defer+madvise [madvise] never

Process Memory:
Virtual Size: 15084148K (peak: 15084148K)
Resident Set Size: 262996K (peak: 275180K) (anon: 239220K, file: 23776K, shmem: 0K)
Swapped out: 0K
C-Heap outstanding allocations: 44133K, retained: 57698K
glibc malloc tunables: (default)

/proc/sys/kernel/threads-max (system-wide limit on the number of threads): 1535215
/proc/sys/vm/max_map_count (maximum number of memory map areas a process may have): 65530
/proc/sys/vm/swappiness (control to define how aggressively the kernel swaps out anonymous memory): 0
/proc/sys/kernel/pid_max (system-wide limit on number of process identifiers): 4194304

container (cgroup) information:
container_type: cgroupv1
cpu_cpuset_cpus: 0,2,4,6,8,10,12,14,32,34,36,38,40,42,44,46
cpu_memory_nodes: 0-1
active_processor_count: 16
cpu_quota: no quota
cpu_period: 100000
cpu_shares: 256
memory_limit_in_bytes: unlimited
memory_and_swap_limit_in_bytes: unlimited
memory_soft_limit_in_bytes: unlimited
memory_usage_in_bytes: 4179720 k
memory_max_usage_in_bytes: 8295732 k
kernel_memory_limit_in_bytes: unlimited
kernel_memory_usage_in_bytes: 57212 k
kernel_memory_max_usage_in_bytes: 125112 k
maximum number of tasks: 230282
current number of tasks: 362

Steal ticks since vm start: 0
Steal ticks percentage since vm start:  0.000

CPU: total 64 (initial active 16) (16 cores per cpu, 2 threads per core) family 6 model 85 stepping 7 microcode 0x5003901, cx8, cmov, fxsr, ht, mmx, 3dnowpref, sse, sse2, sse3, ssse3, sse4.1, sse4.2, popcnt, lzcnt, tsc, tscinvbit, avx, avx2, aes, erms, clmul, bmi1, bmi2, adx, avx512f, avx512dq, avx512cd, avx512bw, avx512vl, fma, vzeroupper, avx512_vnni, clflush, clflushopt, clwb
CPU Model and flags from /proc/cpuinfo:
model name	: Intel(R) Xeon(R) Gold 6226R CPU @ 2.90GHz
flags		: fpu vme de pse tsc msr pae mce cx8 apic sep mtrr pge mca cmov pat pse36 clflush dts acpi mmx fxsr sse sse2 ss ht tm pbe syscall nx pdpe1gb rdtscp lm constant_tsc art arch_perfmon pebs bts rep_good nopl xtopology nonstop_tsc cpuid aperfmperf pni pclmulqdq dtes64 monitor ds_cpl vmx smx est tm2 ssse3 sdbg fma cx16 xtpr pdcm pcid dca sse4_1 sse4_2 x2apic movbe popcnt tsc_deadline_timer aes xsave avx f16c rdrand lahf_lm abm 3dnowprefetch cpuid_fault epb cat_l3 cdp_l3 invpcid_single intel_ppin ssbd mba ibrs ibpb stibp ibrs_enhanced tpr_shadow vnmi flexpriority ept vpid ept_ad fsgsbase tsc_adjust bmi1 avx2 smep bmi2 erms invpcid cqm mpx rdt_a avx512f avx512dq rdseed adx smap clflushopt clwb intel_pt avx512cd avx512bw avx512vl xsaveopt xsavec xgetbv1 xsaves cqm_llc cqm_occup_llc cqm_mbm_total cqm_mbm_local dtherm ida arat pln pts pku ospke avx512_vnni md_clear flush_l1d arch_capabilities ibpb_exit_to_user

Online cpus: 0-63
Offline cpus: 
BIOS frequency limitation: <Not Available>
Frequency switch latency (ns): 20000
Available cpu frequencies: <Not Available>
Current governor: schedutil
Core performance/turbo boost: <Not Available>

Memory: 4k page, physical 196625832k(56396228k free), swap 20479992k(20326392k free)
Page Sizes: 4k

vm_info: OpenJDK 64-Bit Server VM (17.0.15+6-LTS) for linux-amd64 JRE (17.0.15+6-LTS) (Zulu17.58+21-CA), built on Apr  4 2025 15:19:12 by "zulu_re" with gcc 8.3.0

END.
