#
# A fatal error has been detected by the Java Runtime Environment:
#
#  SIGSEGV (0xb) at pc=0x0000148b94def90b, pid=309686, tid=309686
#
# JRE version: OpenJDK Runtime Environment Zulu17.58+21-CA (17.0.15+6) (build 17.0.15+6-LTS)
# Java VM: OpenJDK 64-Bit Server VM Zulu17.58+21-CA (17.0.15+6-LTS, mixed mode, sharing, tiered, compressed oops, compressed class ptrs, g1 gc, linux-amd64)
# Problematic frame:
# V  [libjvm.so+0xd8090b]  SR_handler(int, siginfo*, ucontext*)+0x9b
#
# No core dump will be written. Core dumps have been disabled. To enable core dumping, try "ulimit -c unlimited" before starting Java again
#
# If you would like to submit a bug report, please visit:
#   http://www.azul.com/support/
#

---------------  S U M M A R Y ------------

Command Line: -Xmx10G /software/conda/users/jd42/nextflow/share/nf-test-0.9.5-0/nf-test.jar test tests/default.nf.test --profile=+singularity --verbose --update-snapshot

Host: Intel(R) Xeon(R) Gold 6226R CPU @ 2.90GHz, 64 cores, 376G, Ubuntu 22.04.5 LTS
Time: Thu Oct  1 16:03:43 2026 BST elapsed time: 357.694741 seconds (0d 0h 5m 57s)

---------------  T H R E A D  ---------------

Current thread is native thread

Stack: [0x000055b47c9b7000,0x00007ffd7d870000],  sp=0x00007ffd7d867eb0,  free space=45403355843k
Native frames: (J=compiled Java code, j=interpreted, Vv=VM code, C=native code)
V  [libjvm.so+0xd8090b]  SR_handler(int, siginfo*, ucontext*)+0x9b
C  [libc.so.6+0x42520]


siginfo: si_signo: 11 (SIGSEGV), si_code: 1 (SEGV_MAPERR), si_addr: 0x0000000000000270

Registers:
RAX=0x0000000000000000, RBX=0x00007ffd7d867ec0, RCX=0x0000148b95470bdb, RDX=0x0000000000000000
RSP=0x00007ffd7d867eb0, RBP=0x00007ffd7d867f70, RSI=0x00007ffd7d867ec0, RDI=0x0000000000000000
R8 =0x0000000000000000, R9 =0x00000000ffffffff, R10=0x0000000000000008, R11=0x0000000000000246
R12=0x0000148b953d26c0, R13=0x0000000000000000, R14=0x00007ffd7d867f80, R15=0x0000000000000000
RIP=0x0000148b94def90b, EFLAGS=0x0000000000010246, CSGSFS=0x002b000000000033, ERR=0x0000000000000004
  TRAPNO=0x000000000000000e

XMM[0]=0x0000000000000000 0x0000000000000000
XMM[1]=0x0000000000000000 0x0000000000000000
XMM[2]=0x0000000000000000 0x0000000000000000
XMM[3]=0x0000000000000000 0x0000000000000000
XMM[4]=0x0000000000000000 0x0000000000000000
XMM[5]=0x0000000000000000 0x0000000000000000
XMM[6]=0x0000000000000000 0x0000000000000000
XMM[7]=0x0000000000000000 0x0000000000000000
XMM[8]=0x0000000000000000 0x0000000000000000
XMM[9]=0x0000000000000000 0x0000000000000000
XMM[10]=0x0000000000000000 0x0000000000000000
XMM[11]=0x0000000000000000 0x0000000000000000
XMM[12]=0x0000000000000000 0x0000000000000000
XMM[13]=0x0000000000000000 0x0000000000000000
XMM[14]=0x0000000000000000 0x0000000000000000
XMM[15]=0x0000000000000000 0x0000000000000000
  MXCSR=0x00001f80


Top of Stack: (sp=0x00007ffd7d867eb0)
0x00007ffd7d867eb0:   0000148b95342000 00007ffd7d8680b0
0x00007ffd7d867ec0:   00000000000004d8 0000148b9564f590
0x00007ffd7d867ed0:   0000000024bbd60a 0000148b9564f508
0x00007ffd7d867ee0:   0000148b955fef30 0000148b9565a7e9
0x00007ffd7d867ef0:   0000000000000006 0000148b9564f950
0x00007ffd7d867f00:   0000148b95689af0 00007ffd7d867fa8
0x00007ffd7d867f10:   00007ffd7d867fa4 000055b400000005
0x00007ffd7d867f20:   0000148b9564f950 0000000024bbd60a
0x00007ffd7d867f30:   00007ffd7d867fa4 000000000092ef58
0x00007ffd7d867f40:   000055b47c811140 0000148b93f82640
0x00007ffd7d867f50:   0000000000000000 000000000004b9ba
0x00007ffd7d867f60:   0000000000000000 0000000000000000
0x00007ffd7d867f70:   00007ffd7d868d28 0000148b95417520
0x00007ffd7d867f80:   0000000000000007 0000000000000000
0x00007ffd7d867f90:   0000000000000000 0000000000000000
0x00007ffd7d867fa0:   0000000000000000 0000000000000000
0x00007ffd7d867fb0:   00000000ffffffff 0000000000000000
0x00007ffd7d867fc0:   0000000000000246 0000000000000000
0x00007ffd7d867fd0:   000000000004b9ba 0000000000000000
0x00007ffd7d867fe0:   0000000000000000 0000148b93f82910
0x00007ffd7d867ff0:   0000000000000109 00007ffd7d868d28
0x00007ffd7d868000:   0000148b93f82640 000000000004b9ba
0x00007ffd7d868010:   00000000000000ca 0000148b954660d7
0x00007ffd7d868020:   00007ffd7d868c60 0000148b954660d5
0x00007ffd7d868030:   0000000000000246 002b000000000033
0x00007ffd7d868040:   0000000000000000 0000000000000000
0x00007ffd7d868050:   0000000000000000 0000000000000000
0x00007ffd7d868060:   00007ffd7d868140 000000046474e552
0x00007ffd7d868070:   0000148b9564f620 0000148b95689af0
0x00007ffd7d868080:   00000000000e5d80 0000000000000280
0x00007ffd7d868090:   0000000000000280 0000000000000001
0x00007ffd7d8680a0:   0000002000000004 0000000000000000 

Instructions: (pc=0x0000148b94def90b)
0x0000148b94def80b:   33 4d ff 31 d2 48 89 de bf 01 00 00 00 e8 b3 2c
0x0000148b94def81b:   4d ff 41 83 fc 02 74 3d 48 83 3d 1d be 5b 00 00
0x0000148b94def82b:   74 25 48 8d 05 0c bd 5b 00 4a 8d 14 a0 b8 01 00
0x0000148b94def83b:   00 00 f0 0f c1 02 48 8b 3d 00 be 5b 00 be 01 00
0x0000148b94def84b:   00 00 e8 ae cc f1 ff 48 83 ec 80 5b 41 5c 5d c3
0x0000148b94def85b:   0f 1f 44 00 00 e8 7b 83 15 00 84 c0 74 ba e8 5a
0x0000148b94def86b:   34 4d ff eb b3 55 48 89 e5 41 57 41 56 49 89 d6
0x0000148b94def87b:   41 55 41 54 53 48 8d 9d 50 ff ff ff 48 81 ec 98
0x0000148b94def88b:   00 00 00 48 89 b5 48 ff ff ff e8 86 25 4d ff 48
0x0000148b94def89b:   89 df 49 89 c4 44 8b 28 e8 08 2b 4d ff be 04 00
0x0000148b94def8ab:   00 00 48 89 df e8 9b 32 4d ff be 07 00 00 00 48
0x0000148b94def8bb:   89 df e8 8e 32 4d ff be 08 00 00 00 48 89 df e8
0x0000148b94def8cb:   81 32 4d ff be 0b 00 00 00 48 89 df e8 74 32 4d
0x0000148b94def8db:   ff be 05 00 00 00 48 89 df e8 67 32 4d ff 31 d2
0x0000148b94def8eb:   48 89 de bf 01 00 00 00 e8 d8 2b 4d ff e8 93 82
0x0000148b94def8fb:   0e 00 31 d2 84 c0 74 08 e8 98 82 0e 00 48 89 c2
0x0000148b94def90b:   48 8b 82 70 02 00 00 48 85 c0 74 17 4c 8b ba 38
0x0000148b94def91b:   02 00 00 41 8b 87 a0 00 00 00 83 f8 01 74 16 45
0x0000148b94def92b:   89 2c 24 48 81 c4 98 00 00 00 5b 41 5c 41 5d 41
0x0000148b94def93b:   5e 41 5f 5d c3 f3 0f 7e 85 48 ff ff ff ba 02 00
0x0000148b94def94b:   00 00 be 01 00 00 00 4c 89 b5 48 ff ff ff 4d 8d
0x0000148b94def95b:   b7 a0 00 00 00 4c 89 f7 0f 16 85 48 ff ff ff 41
0x0000148b94def96b:   0f 11 87 a8 00 00 00 e8 d9 89 e5 ff 83 f8 02 74
0x0000148b94def97b:   3c 85 c0 75 10 66 0f ef c0 41 0f 11 87 a8 00 00
0x0000148b94def98b:   00 eb 9c 66 90 48 8d 05 d1 69 55 00 be 63 06 00
0x0000148b94def99b:   00 48 8d 3d cd 0c 27 00 48 8b 00 c6 00 58 e8 82
0x0000148b94def9ab:   3a 88 ff e8 fd be e5 ff eb cb 0f 1f 00 48 89 df
0x0000148b94def9bb:   e8 f0 29 4d ff 48 89 da 31 f6 31 ff e8 04 2b 4d
0x0000148b94def9cb:   ff 8b 35 76 c4 56 00 48 89 df e8 c6 31 4d ff be
0x0000148b94def9db:   01 00 00 00 48 8d 3d 7a bc 5b 00 e8 15 cb f1 ff
0x0000148b94def9eb:   eb 08 0f 1f 00 83 f8 02 75 3b 48 89 df e8 b3 31
0x0000148b94def9fb:   4d ff 31 d2 be 03 00 00 00 4c 89 f7 e8 44 89 e5 



---------------  P R O C E S S  ---------------

VM state: not at safepoint (normal execution)

VM Mutex/Monitor currently owned by a thread: None

Heap address: 0x0000000580000000, size: 10240 MB, Compressed Oops mode: Zero based, Oop shift amount: 3

CDS archive(s) mapped at: [0x0000148b07000000-0x0000148b07bf8000-0x0000148b07bf8000), size 12550144, SharedBaseAddress: 0x0000148b07000000, ArchiveRelocationMode: 1.
Compressed class space mapped at: 0x0000148b08000000-0x0000148b48000000, reserved size: 1073741824
Narrow klass base: 0x0000148b07000000, Narrow klass shift: 0, Narrow klass range: 0x100000000

GC Precious Log:
<Skipped>

Heap:
 garbage-first heap   total 2113536K, used 35221K [0x0000000580000000, 0x0000000800000000)
  region size 8192K, 3 young (24576K), 1 survivors (8192K)
 Metaspace       used 18911K, committed 19328K, reserved 1114112K
  class space    used 2177K, committed 2368K, reserved 1048576K

Heap Regions: E=young(eden), S=young(survivor), O=old, HS=humongous(starts), HC=humongous(continues), CS=collection set, F=free, OA=open archive, CA=closed archive, TAMS=top-at-mark-start (previous, next)
|   0|0x0000000580000000, 0x0000000580800000, 0x0000000580800000|100%| O|  |TAMS 0x0000000580000000, 0x0000000580000000| Untracked 
|   1|0x0000000580800000, 0x00000005809ad600, 0x0000000581000000| 20%| O|  |TAMS 0x0000000580800000, 0x0000000580800000| Untracked 
|   2|0x0000000581000000, 0x0000000581000000, 0x0000000581800000|  0%| F|  |TAMS 0x0000000581000000, 0x0000000581000000| Untracked 
|   3|0x0000000581800000, 0x0000000581800000, 0x0000000582000000|  0%| F|  |TAMS 0x0000000581800000, 0x0000000581800000| Untracked 
|   4|0x0000000582000000, 0x0000000582000000, 0x0000000582800000|  0%| F|  |TAMS 0x0000000582000000, 0x0000000582000000| Untracked 
|   5|0x0000000582800000, 0x0000000582800000, 0x0000000583000000|  0%| F|  |TAMS 0x0000000582800000, 0x0000000582800000| Untracked 
|   6|0x0000000583000000, 0x0000000583000000, 0x0000000583800000|  0%| F|  |TAMS 0x0000000583000000, 0x0000000583000000| Untracked 
|   7|0x0000000583800000, 0x0000000583800000, 0x0000000584000000|  0%| F|  |TAMS 0x0000000583800000, 0x0000000583800000| Untracked 
|   8|0x0000000584000000, 0x0000000584000000, 0x0000000584800000|  0%| F|  |TAMS 0x0000000584000000, 0x0000000584000000| Untracked 
|   9|0x0000000584800000, 0x0000000584800000, 0x0000000585000000|  0%| F|  |TAMS 0x0000000584800000, 0x0000000584800000| Untracked 
|  10|0x0000000585000000, 0x0000000585000000, 0x0000000585800000|  0%| F|  |TAMS 0x0000000585000000, 0x0000000585000000| Untracked 
|  11|0x0000000585800000, 0x0000000585800000, 0x0000000586000000|  0%| F|  |TAMS 0x0000000585800000, 0x0000000585800000| Untracked 
|  12|0x0000000586000000, 0x0000000586000000, 0x0000000586800000|  0%| F|  |TAMS 0x0000000586000000, 0x0000000586000000| Untracked 
|  13|0x0000000586800000, 0x0000000586800000, 0x0000000587000000|  0%| F|  |TAMS 0x0000000586800000, 0x0000000586800000| Untracked 
|  14|0x0000000587000000, 0x0000000587000000, 0x0000000587800000|  0%| F|  |TAMS 0x0000000587000000, 0x0000000587000000| Untracked 
|  15|0x0000000587800000, 0x0000000587800000, 0x0000000588000000|  0%| F|  |TAMS 0x0000000587800000, 0x0000000587800000| Untracked 
|  16|0x0000000588000000, 0x0000000588000000, 0x0000000588800000|  0%| F|  |TAMS 0x0000000588000000, 0x0000000588000000| Untracked 
|  17|0x0000000588800000, 0x0000000588800000, 0x0000000589000000|  0%| F|  |TAMS 0x0000000588800000, 0x0000000588800000| Untracked 
|  18|0x0000000589000000, 0x0000000589000000, 0x0000000589800000|  0%| F|  |TAMS 0x0000000589000000, 0x0000000589000000| Untracked 
|  19|0x0000000589800000, 0x0000000589800000, 0x000000058a000000|  0%| F|  |TAMS 0x0000000589800000, 0x0000000589800000| Untracked 
|  20|0x000000058a000000, 0x000000058a000000, 0x000000058a800000|  0%| F|  |TAMS 0x000000058a000000, 0x000000058a000000| Untracked 
|  21|0x000000058a800000, 0x000000058a800000, 0x000000058b000000|  0%| F|  |TAMS 0x000000058a800000, 0x000000058a800000| Untracked 
|  22|0x000000058b000000, 0x000000058b000000, 0x000000058b800000|  0%| F|  |TAMS 0x000000058b000000, 0x000000058b000000| Untracked 
|  23|0x000000058b800000, 0x000000058b800000, 0x000000058c000000|  0%| F|  |TAMS 0x000000058b800000, 0x000000058b800000| Untracked 
|  24|0x000000058c000000, 0x000000058c000000, 0x000000058c800000|  0%| F|  |TAMS 0x000000058c000000, 0x000000058c000000| Untracked 
|  25|0x000000058c800000, 0x000000058c800000, 0x000000058d000000|  0%| F|  |TAMS 0x000000058c800000, 0x000000058c800000| Untracked 
|  26|0x000000058d000000, 0x000000058d000000, 0x000000058d800000|  0%| F|  |TAMS 0x000000058d000000, 0x000000058d000000| Untracked 
|  27|0x000000058d800000, 0x000000058d800000, 0x000000058e000000|  0%| F|  |TAMS 0x000000058d800000, 0x000000058d800000| Untracked 
|  28|0x000000058e000000, 0x000000058e000000, 0x000000058e800000|  0%| F|  |TAMS 0x000000058e000000, 0x000000058e000000| Untracked 
|  29|0x000000058e800000, 0x000000058e800000, 0x000000058f000000|  0%| F|  |TAMS 0x000000058e800000, 0x000000058e800000| Untracked 
|  30|0x000000058f000000, 0x000000058f000000, 0x000000058f800000|  0%| F|  |TAMS 0x000000058f000000, 0x000000058f000000| Untracked 
|  31|0x000000058f800000, 0x000000058f800000, 0x0000000590000000|  0%| F|  |TAMS 0x000000058f800000, 0x000000058f800000| Untracked 
|  32|0x0000000590000000, 0x0000000590000000, 0x0000000590800000|  0%| F|  |TAMS 0x0000000590000000, 0x0000000590000000| Untracked 
|  33|0x0000000590800000, 0x0000000590800000, 0x0000000591000000|  0%| F|  |TAMS 0x0000000590800000, 0x0000000590800000| Untracked 
|  34|0x0000000591000000, 0x0000000591000000, 0x0000000591800000|  0%| F|  |TAMS 0x0000000591000000, 0x0000000591000000| Untracked 
|  35|0x0000000591800000, 0x0000000591800000, 0x0000000592000000|  0%| F|  |TAMS 0x0000000591800000, 0x0000000591800000| Untracked 
|  36|0x0000000592000000, 0x0000000592000000, 0x0000000592800000|  0%| F|  |TAMS 0x0000000592000000, 0x0000000592000000| Untracked 
|  37|0x0000000592800000, 0x0000000592800000, 0x0000000593000000|  0%| F|  |TAMS 0x0000000592800000, 0x0000000592800000| Untracked 
|  38|0x0000000593000000, 0x0000000593000000, 0x0000000593800000|  0%| F|  |TAMS 0x0000000593000000, 0x0000000593000000| Untracked 
|  39|0x0000000593800000, 0x0000000593800000, 0x0000000594000000|  0%| F|  |TAMS 0x0000000593800000, 0x0000000593800000| Untracked 
|  40|0x0000000594000000, 0x0000000594000000, 0x0000000594800000|  0%| F|  |TAMS 0x0000000594000000, 0x0000000594000000| Untracked 
|  41|0x0000000594800000, 0x0000000594800000, 0x0000000595000000|  0%| F|  |TAMS 0x0000000594800000, 0x0000000594800000| Untracked 
|  42|0x0000000595000000, 0x0000000595000000, 0x0000000595800000|  0%| F|  |TAMS 0x0000000595000000, 0x0000000595000000| Untracked 
|  43|0x0000000595800000, 0x0000000595800000, 0x0000000596000000|  0%| F|  |TAMS 0x0000000595800000, 0x0000000595800000| Untracked 
|  44|0x0000000596000000, 0x0000000596000000, 0x0000000596800000|  0%| F|  |TAMS 0x0000000596000000, 0x0000000596000000| Untracked 
|  45|0x0000000596800000, 0x0000000596800000, 0x0000000597000000|  0%| F|  |TAMS 0x0000000596800000, 0x0000000596800000| Untracked 
|  46|0x0000000597000000, 0x0000000597000000, 0x0000000597800000|  0%| F|  |TAMS 0x0000000597000000, 0x0000000597000000| Untracked 
|  47|0x0000000597800000, 0x0000000597800000, 0x0000000598000000|  0%| F|  |TAMS 0x0000000597800000, 0x0000000597800000| Untracked 
|  48|0x0000000598000000, 0x0000000598000000, 0x0000000598800000|  0%| F|  |TAMS 0x0000000598000000, 0x0000000598000000| Untracked 
|  49|0x0000000598800000, 0x0000000598800000, 0x0000000599000000|  0%| F|  |TAMS 0x0000000598800000, 0x0000000598800000| Untracked 
|  50|0x0000000599000000, 0x0000000599000000, 0x0000000599800000|  0%| F|  |TAMS 0x0000000599000000, 0x0000000599000000| Untracked 
|  51|0x0000000599800000, 0x0000000599800000, 0x000000059a000000|  0%| F|  |TAMS 0x0000000599800000, 0x0000000599800000| Untracked 
|  52|0x000000059a000000, 0x000000059a000000, 0x000000059a800000|  0%| F|  |TAMS 0x000000059a000000, 0x000000059a000000| Untracked 
|  53|0x000000059a800000, 0x000000059a800000, 0x000000059b000000|  0%| F|  |TAMS 0x000000059a800000, 0x000000059a800000| Untracked 
|  54|0x000000059b000000, 0x000000059b000000, 0x000000059b800000|  0%| F|  |TAMS 0x000000059b000000, 0x000000059b000000| Untracked 
|  55|0x000000059b800000, 0x000000059b800000, 0x000000059c000000|  0%| F|  |TAMS 0x000000059b800000, 0x000000059b800000| Untracked 
|  56|0x000000059c000000, 0x000000059c000000, 0x000000059c800000|  0%| F|  |TAMS 0x000000059c000000, 0x000000059c000000| Untracked 
|  57|0x000000059c800000, 0x000000059c800000, 0x000000059d000000|  0%| F|  |TAMS 0x000000059c800000, 0x000000059c800000| Untracked 
|  58|0x000000059d000000, 0x000000059d000000, 0x000000059d800000|  0%| F|  |TAMS 0x000000059d000000, 0x000000059d000000| Untracked 
|  59|0x000000059d800000, 0x000000059d800000, 0x000000059e000000|  0%| F|  |TAMS 0x000000059d800000, 0x000000059d800000| Untracked 
|  60|0x000000059e000000, 0x000000059e000000, 0x000000059e800000|  0%| F|  |TAMS 0x000000059e000000, 0x000000059e000000| Untracked 
|  61|0x000000059e800000, 0x000000059e800000, 0x000000059f000000|  0%| F|  |TAMS 0x000000059e800000, 0x000000059e800000| Untracked 
|  62|0x000000059f000000, 0x000000059f000000, 0x000000059f800000|  0%| F|  |TAMS 0x000000059f000000, 0x000000059f000000| Untracked 
|  63|0x000000059f800000, 0x000000059f800000, 0x00000005a0000000|  0%| F|  |TAMS 0x000000059f800000, 0x000000059f800000| Untracked 
|  64|0x00000005a0000000, 0x00000005a0000000, 0x00000005a0800000|  0%| F|  |TAMS 0x00000005a0000000, 0x00000005a0000000| Untracked 
|  65|0x00000005a0800000, 0x00000005a0800000, 0x00000005a1000000|  0%| F|  |TAMS 0x00000005a0800000, 0x00000005a0800000| Untracked 
|  66|0x00000005a1000000, 0x00000005a1000000, 0x00000005a1800000|  0%| F|  |TAMS 0x00000005a1000000, 0x00000005a1000000| Untracked 
|  67|0x00000005a1800000, 0x00000005a1800000, 0x00000005a2000000|  0%| F|  |TAMS 0x00000005a1800000, 0x00000005a1800000| Untracked 
|  68|0x00000005a2000000, 0x00000005a2000000, 0x00000005a2800000|  0%| F|  |TAMS 0x00000005a2000000, 0x00000005a2000000| Untracked 
|  69|0x00000005a2800000, 0x00000005a2800000, 0x00000005a3000000|  0%| F|  |TAMS 0x00000005a2800000, 0x00000005a2800000| Untracked 
|  70|0x00000005a3000000, 0x00000005a3000000, 0x00000005a3800000|  0%| F|  |TAMS 0x00000005a3000000, 0x00000005a3000000| Untracked 
|  71|0x00000005a3800000, 0x00000005a3800000, 0x00000005a4000000|  0%| F|  |TAMS 0x00000005a3800000, 0x00000005a3800000| Untracked 
|  72|0x00000005a4000000, 0x00000005a4000000, 0x00000005a4800000|  0%| F|  |TAMS 0x00000005a4000000, 0x00000005a4000000| Untracked 
|  73|0x00000005a4800000, 0x00000005a4800000, 0x00000005a5000000|  0%| F|  |TAMS 0x00000005a4800000, 0x00000005a4800000| Untracked 
|  74|0x00000005a5000000, 0x00000005a5000000, 0x00000005a5800000|  0%| F|  |TAMS 0x00000005a5000000, 0x00000005a5000000| Untracked 
|  75|0x00000005a5800000, 0x00000005a5800000, 0x00000005a6000000|  0%| F|  |TAMS 0x00000005a5800000, 0x00000005a5800000| Untracked 
|  76|0x00000005a6000000, 0x00000005a6000000, 0x00000005a6800000|  0%| F|  |TAMS 0x00000005a6000000, 0x00000005a6000000| Untracked 
|  77|0x00000005a6800000, 0x00000005a6800000, 0x00000005a7000000|  0%| F|  |TAMS 0x00000005a6800000, 0x00000005a6800000| Untracked 
|  78|0x00000005a7000000, 0x00000005a7000000, 0x00000005a7800000|  0%| F|  |TAMS 0x00000005a7000000, 0x00000005a7000000| Untracked 
|  79|0x00000005a7800000, 0x00000005a7800000, 0x00000005a8000000|  0%| F|  |TAMS 0x00000005a7800000, 0x00000005a7800000| Untracked 
|  80|0x00000005a8000000, 0x00000005a8000000, 0x00000005a8800000|  0%| F|  |TAMS 0x00000005a8000000, 0x00000005a8000000| Untracked 
|  81|0x00000005a8800000, 0x00000005a8800000, 0x00000005a9000000|  0%| F|  |TAMS 0x00000005a8800000, 0x00000005a8800000| Untracked 
|  82|0x00000005a9000000, 0x00000005a9000000, 0x00000005a9800000|  0%| F|  |TAMS 0x00000005a9000000, 0x00000005a9000000| Untracked 
|  83|0x00000005a9800000, 0x00000005a9800000, 0x00000005aa000000|  0%| F|  |TAMS 0x00000005a9800000, 0x00000005a9800000| Untracked 
|  84|0x00000005aa000000, 0x00000005aa000000, 0x00000005aa800000|  0%| F|  |TAMS 0x00000005aa000000, 0x00000005aa000000| Untracked 
|  85|0x00000005aa800000, 0x00000005aa800000, 0x00000005ab000000|  0%| F|  |TAMS 0x00000005aa800000, 0x00000005aa800000| Untracked 
|  86|0x00000005ab000000, 0x00000005ab000000, 0x00000005ab800000|  0%| F|  |TAMS 0x00000005ab000000, 0x00000005ab000000| Untracked 
|  87|0x00000005ab800000, 0x00000005ab800000, 0x00000005ac000000|  0%| F|  |TAMS 0x00000005ab800000, 0x00000005ab800000| Untracked 
|  88|0x00000005ac000000, 0x00000005ac000000, 0x00000005ac800000|  0%| F|  |TAMS 0x00000005ac000000, 0x00000005ac000000| Untracked 
|  89|0x00000005ac800000, 0x00000005ac800000, 0x00000005ad000000|  0%| F|  |TAMS 0x00000005ac800000, 0x00000005ac800000| Untracked 
|  90|0x00000005ad000000, 0x00000005ad000000, 0x00000005ad800000|  0%| F|  |TAMS 0x00000005ad000000, 0x00000005ad000000| Untracked 
|  91|0x00000005ad800000, 0x00000005ad800000, 0x00000005ae000000|  0%| F|  |TAMS 0x00000005ad800000, 0x00000005ad800000| Untracked 
|  92|0x00000005ae000000, 0x00000005ae000000, 0x00000005ae800000|  0%| F|  |TAMS 0x00000005ae000000, 0x00000005ae000000| Untracked 
|  93|0x00000005ae800000, 0x00000005ae800000, 0x00000005af000000|  0%| F|  |TAMS 0x00000005ae800000, 0x00000005ae800000| Untracked 
|  94|0x00000005af000000, 0x00000005af000000, 0x00000005af800000|  0%| F|  |TAMS 0x00000005af000000, 0x00000005af000000| Untracked 
|  95|0x00000005af800000, 0x00000005af800000, 0x00000005b0000000|  0%| F|  |TAMS 0x00000005af800000, 0x00000005af800000| Untracked 
|  96|0x00000005b0000000, 0x00000005b0000000, 0x00000005b0800000|  0%| F|  |TAMS 0x00000005b0000000, 0x00000005b0000000| Untracked 
|  97|0x00000005b0800000, 0x00000005b0800000, 0x00000005b1000000|  0%| F|  |TAMS 0x00000005b0800000, 0x00000005b0800000| Untracked 
|  98|0x00000005b1000000, 0x00000005b1000000, 0x00000005b1800000|  0%| F|  |TAMS 0x00000005b1000000, 0x00000005b1000000| Untracked 
|  99|0x00000005b1800000, 0x00000005b1800000, 0x00000005b2000000|  0%| F|  |TAMS 0x00000005b1800000, 0x00000005b1800000| Untracked 
| 100|0x00000005b2000000, 0x00000005b2000000, 0x00000005b2800000|  0%| F|  |TAMS 0x00000005b2000000, 0x00000005b2000000| Untracked 
| 101|0x00000005b2800000, 0x00000005b2800000, 0x00000005b3000000|  0%| F|  |TAMS 0x00000005b2800000, 0x00000005b2800000| Untracked 
| 102|0x00000005b3000000, 0x00000005b3000000, 0x00000005b3800000|  0%| F|  |TAMS 0x00000005b3000000, 0x00000005b3000000| Untracked 
| 103|0x00000005b3800000, 0x00000005b3800000, 0x00000005b4000000|  0%| F|  |TAMS 0x00000005b3800000, 0x00000005b3800000| Untracked 
| 104|0x00000005b4000000, 0x00000005b4000000, 0x00000005b4800000|  0%| F|  |TAMS 0x00000005b4000000, 0x00000005b4000000| Untracked 
| 105|0x00000005b4800000, 0x00000005b4800000, 0x00000005b5000000|  0%| F|  |TAMS 0x00000005b4800000, 0x00000005b4800000| Untracked 
| 106|0x00000005b5000000, 0x00000005b5000000, 0x00000005b5800000|  0%| F|  |TAMS 0x00000005b5000000, 0x00000005b5000000| Untracked 
| 107|0x00000005b5800000, 0x00000005b5800000, 0x00000005b6000000|  0%| F|  |TAMS 0x00000005b5800000, 0x00000005b5800000| Untracked 
| 108|0x00000005b6000000, 0x00000005b6000000, 0x00000005b6800000|  0%| F|  |TAMS 0x00000005b6000000, 0x00000005b6000000| Untracked 
| 109|0x00000005b6800000, 0x00000005b6800000, 0x00000005b7000000|  0%| F|  |TAMS 0x00000005b6800000, 0x00000005b6800000| Untracked 
| 110|0x00000005b7000000, 0x00000005b7000000, 0x00000005b7800000|  0%| F|  |TAMS 0x00000005b7000000, 0x00000005b7000000| Untracked 
| 111|0x00000005b7800000, 0x00000005b7800000, 0x00000005b8000000|  0%| F|  |TAMS 0x00000005b7800000, 0x00000005b7800000| Untracked 
| 112|0x00000005b8000000, 0x00000005b8000000, 0x00000005b8800000|  0%| F|  |TAMS 0x00000005b8000000, 0x00000005b8000000| Untracked 
| 113|0x00000005b8800000, 0x00000005b8800000, 0x00000005b9000000|  0%| F|  |TAMS 0x00000005b8800000, 0x00000005b8800000| Untracked 
| 114|0x00000005b9000000, 0x00000005b9000000, 0x00000005b9800000|  0%| F|  |TAMS 0x00000005b9000000, 0x00000005b9000000| Untracked 
| 115|0x00000005b9800000, 0x00000005b9800000, 0x00000005ba000000|  0%| F|  |TAMS 0x00000005b9800000, 0x00000005b9800000| Untracked 
| 116|0x00000005ba000000, 0x00000005ba000000, 0x00000005ba800000|  0%| F|  |TAMS 0x00000005ba000000, 0x00000005ba000000| Untracked 
| 117|0x00000005ba800000, 0x00000005ba800000, 0x00000005bb000000|  0%| F|  |TAMS 0x00000005ba800000, 0x00000005ba800000| Untracked 
| 118|0x00000005bb000000, 0x00000005bb000000, 0x00000005bb800000|  0%| F|  |TAMS 0x00000005bb000000, 0x00000005bb000000| Untracked 
| 119|0x00000005bb800000, 0x00000005bb800000, 0x00000005bc000000|  0%| F|  |TAMS 0x00000005bb800000, 0x00000005bb800000| Untracked 
| 120|0x00000005bc000000, 0x00000005bc000000, 0x00000005bc800000|  0%| F|  |TAMS 0x00000005bc000000, 0x00000005bc000000| Untracked 
| 121|0x00000005bc800000, 0x00000005bc800000, 0x00000005bd000000|  0%| F|  |TAMS 0x00000005bc800000, 0x00000005bc800000| Untracked 
| 122|0x00000005bd000000, 0x00000005bd000000, 0x00000005bd800000|  0%| F|  |TAMS 0x00000005bd000000, 0x00000005bd000000| Untracked 
| 123|0x00000005bd800000, 0x00000005bd800000, 0x00000005be000000|  0%| F|  |TAMS 0x00000005bd800000, 0x00000005bd800000| Untracked 
| 124|0x00000005be000000, 0x00000005be000000, 0x00000005be800000|  0%| F|  |TAMS 0x00000005be000000, 0x00000005be000000| Untracked 
| 125|0x00000005be800000, 0x00000005be800000, 0x00000005bf000000|  0%| F|  |TAMS 0x00000005be800000, 0x00000005be800000| Untracked 
| 126|0x00000005bf000000, 0x00000005bf000000, 0x00000005bf800000|  0%| F|  |TAMS 0x00000005bf000000, 0x00000005bf000000| Untracked 
| 127|0x00000005bf800000, 0x00000005bf800000, 0x00000005c0000000|  0%| F|  |TAMS 0x00000005bf800000, 0x00000005bf800000| Untracked 
| 128|0x00000005c0000000, 0x00000005c0000000, 0x00000005c0800000|  0%| F|  |TAMS 0x00000005c0000000, 0x00000005c0000000| Untracked 
| 129|0x00000005c0800000, 0x00000005c0800000, 0x00000005c1000000|  0%| F|  |TAMS 0x00000005c0800000, 0x00000005c0800000| Untracked 
| 130|0x00000005c1000000, 0x00000005c1000000, 0x00000005c1800000|  0%| F|  |TAMS 0x00000005c1000000, 0x00000005c1000000| Untracked 
| 131|0x00000005c1800000, 0x00000005c1800000, 0x00000005c2000000|  0%| F|  |TAMS 0x00000005c1800000, 0x00000005c1800000| Untracked 
| 132|0x00000005c2000000, 0x00000005c2000000, 0x00000005c2800000|  0%| F|  |TAMS 0x00000005c2000000, 0x00000005c2000000| Untracked 
| 133|0x00000005c2800000, 0x00000005c2800000, 0x00000005c3000000|  0%| F|  |TAMS 0x00000005c2800000, 0x00000005c2800000| Untracked 
| 134|0x00000005c3000000, 0x00000005c3000000, 0x00000005c3800000|  0%| F|  |TAMS 0x00000005c3000000, 0x00000005c3000000| Untracked 
| 135|0x00000005c3800000, 0x00000005c3800000, 0x00000005c4000000|  0%| F|  |TAMS 0x00000005c3800000, 0x00000005c3800000| Untracked 
| 136|0x00000005c4000000, 0x00000005c4000000, 0x00000005c4800000|  0%| F|  |TAMS 0x00000005c4000000, 0x00000005c4000000| Untracked 
| 137|0x00000005c4800000, 0x00000005c4800000, 0x00000005c5000000|  0%| F|  |TAMS 0x00000005c4800000, 0x00000005c4800000| Untracked 
| 138|0x00000005c5000000, 0x00000005c5000000, 0x00000005c5800000|  0%| F|  |TAMS 0x00000005c5000000, 0x00000005c5000000| Untracked 
| 139|0x00000005c5800000, 0x00000005c5800000, 0x00000005c6000000|  0%| F|  |TAMS 0x00000005c5800000, 0x00000005c5800000| Untracked 
| 140|0x00000005c6000000, 0x00000005c6000000, 0x00000005c6800000|  0%| F|  |TAMS 0x00000005c6000000, 0x00000005c6000000| Untracked 
| 141|0x00000005c6800000, 0x00000005c6800000, 0x00000005c7000000|  0%| F|  |TAMS 0x00000005c6800000, 0x00000005c6800000| Untracked 
| 142|0x00000005c7000000, 0x00000005c7000000, 0x00000005c7800000|  0%| F|  |TAMS 0x00000005c7000000, 0x00000005c7000000| Untracked 
| 143|0x00000005c7800000, 0x00000005c7800000, 0x00000005c8000000|  0%| F|  |TAMS 0x00000005c7800000, 0x00000005c7800000| Untracked 
| 144|0x00000005c8000000, 0x00000005c8000000, 0x00000005c8800000|  0%| F|  |TAMS 0x00000005c8000000, 0x00000005c8000000| Untracked 
| 145|0x00000005c8800000, 0x00000005c8800000, 0x00000005c9000000|  0%| F|  |TAMS 0x00000005c8800000, 0x00000005c8800000| Untracked 
| 146|0x00000005c9000000, 0x00000005c9000000, 0x00000005c9800000|  0%| F|  |TAMS 0x00000005c9000000, 0x00000005c9000000| Untracked 
| 147|0x00000005c9800000, 0x00000005c9800000, 0x00000005ca000000|  0%| F|  |TAMS 0x00000005c9800000, 0x00000005c9800000| Untracked 
| 148|0x00000005ca000000, 0x00000005ca000000, 0x00000005ca800000|  0%| F|  |TAMS 0x00000005ca000000, 0x00000005ca000000| Untracked 
| 149|0x00000005ca800000, 0x00000005ca800000, 0x00000005cb000000|  0%| F|  |TAMS 0x00000005ca800000, 0x00000005ca800000| Untracked 
| 150|0x00000005cb000000, 0x00000005cb000000, 0x00000005cb800000|  0%| F|  |TAMS 0x00000005cb000000, 0x00000005cb000000| Untracked 
| 151|0x00000005cb800000, 0x00000005cb800000, 0x00000005cc000000|  0%| F|  |TAMS 0x00000005cb800000, 0x00000005cb800000| Untracked 
| 152|0x00000005cc000000, 0x00000005cc000000, 0x00000005cc800000|  0%| F|  |TAMS 0x00000005cc000000, 0x00000005cc000000| Untracked 
| 153|0x00000005cc800000, 0x00000005cc800000, 0x00000005cd000000|  0%| F|  |TAMS 0x00000005cc800000, 0x00000005cc800000| Untracked 
| 154|0x00000005cd000000, 0x00000005cd000000, 0x00000005cd800000|  0%| F|  |TAMS 0x00000005cd000000, 0x00000005cd000000| Untracked 
| 155|0x00000005cd800000, 0x00000005cd800000, 0x00000005ce000000|  0%| F|  |TAMS 0x00000005cd800000, 0x00000005cd800000| Untracked 
| 156|0x00000005ce000000, 0x00000005ce000000, 0x00000005ce800000|  0%| F|  |TAMS 0x00000005ce000000, 0x00000005ce000000| Untracked 
| 157|0x00000005ce800000, 0x00000005ce800000, 0x00000005cf000000|  0%| F|  |TAMS 0x00000005ce800000, 0x00000005ce800000| Untracked 
| 158|0x00000005cf000000, 0x00000005cf000000, 0x00000005cf800000|  0%| F|  |TAMS 0x00000005cf000000, 0x00000005cf000000| Untracked 
| 159|0x00000005cf800000, 0x00000005cf800000, 0x00000005d0000000|  0%| F|  |TAMS 0x00000005cf800000, 0x00000005cf800000| Untracked 
| 160|0x00000005d0000000, 0x00000005d0000000, 0x00000005d0800000|  0%| F|  |TAMS 0x00000005d0000000, 0x00000005d0000000| Untracked 
| 161|0x00000005d0800000, 0x00000005d0800000, 0x00000005d1000000|  0%| F|  |TAMS 0x00000005d0800000, 0x00000005d0800000| Untracked 
| 162|0x00000005d1000000, 0x00000005d1000000, 0x00000005d1800000|  0%| F|  |TAMS 0x00000005d1000000, 0x00000005d1000000| Untracked 
| 163|0x00000005d1800000, 0x00000005d1800000, 0x00000005d2000000|  0%| F|  |TAMS 0x00000005d1800000, 0x00000005d1800000| Untracked 
| 164|0x00000005d2000000, 0x00000005d2000000, 0x00000005d2800000|  0%| F|  |TAMS 0x00000005d2000000, 0x00000005d2000000| Untracked 
| 165|0x00000005d2800000, 0x00000005d2800000, 0x00000005d3000000|  0%| F|  |TAMS 0x00000005d2800000, 0x00000005d2800000| Untracked 
| 166|0x00000005d3000000, 0x00000005d3000000, 0x00000005d3800000|  0%| F|  |TAMS 0x00000005d3000000, 0x00000005d3000000| Untracked 
| 167|0x00000005d3800000, 0x00000005d3800000, 0x00000005d4000000|  0%| F|  |TAMS 0x00000005d3800000, 0x00000005d3800000| Untracked 
| 168|0x00000005d4000000, 0x00000005d4000000, 0x00000005d4800000|  0%| F|  |TAMS 0x00000005d4000000, 0x00000005d4000000| Untracked 
| 169|0x00000005d4800000, 0x00000005d4800000, 0x00000005d5000000|  0%| F|  |TAMS 0x00000005d4800000, 0x00000005d4800000| Untracked 
| 170|0x00000005d5000000, 0x00000005d5000000, 0x00000005d5800000|  0%| F|  |TAMS 0x00000005d5000000, 0x00000005d5000000| Untracked 
| 171|0x00000005d5800000, 0x00000005d5800000, 0x00000005d6000000|  0%| F|  |TAMS 0x00000005d5800000, 0x00000005d5800000| Untracked 
| 172|0x00000005d6000000, 0x00000005d6000000, 0x00000005d6800000|  0%| F|  |TAMS 0x00000005d6000000, 0x00000005d6000000| Untracked 
| 173|0x00000005d6800000, 0x00000005d6800000, 0x00000005d7000000|  0%| F|  |TAMS 0x00000005d6800000, 0x00000005d6800000| Untracked 
| 174|0x00000005d7000000, 0x00000005d7000000, 0x00000005d7800000|  0%| F|  |TAMS 0x00000005d7000000, 0x00000005d7000000| Untracked 
| 175|0x00000005d7800000, 0x00000005d7800000, 0x00000005d8000000|  0%| F|  |TAMS 0x00000005d7800000, 0x00000005d7800000| Untracked 
| 176|0x00000005d8000000, 0x00000005d8000000, 0x00000005d8800000|  0%| F|  |TAMS 0x00000005d8000000, 0x00000005d8000000| Untracked 
| 177|0x00000005d8800000, 0x00000005d8800000, 0x00000005d9000000|  0%| F|  |TAMS 0x00000005d8800000, 0x00000005d8800000| Untracked 
| 178|0x00000005d9000000, 0x00000005d9000000, 0x00000005d9800000|  0%| F|  |TAMS 0x00000005d9000000, 0x00000005d9000000| Untracked 
| 179|0x00000005d9800000, 0x00000005d9800000, 0x00000005da000000|  0%| F|  |TAMS 0x00000005d9800000, 0x00000005d9800000| Untracked 
| 180|0x00000005da000000, 0x00000005da000000, 0x00000005da800000|  0%| F|  |TAMS 0x00000005da000000, 0x00000005da000000| Untracked 
| 181|0x00000005da800000, 0x00000005da800000, 0x00000005db000000|  0%| F|  |TAMS 0x00000005da800000, 0x00000005da800000| Untracked 
| 182|0x00000005db000000, 0x00000005db000000, 0x00000005db800000|  0%| F|  |TAMS 0x00000005db000000, 0x00000005db000000| Untracked 
| 183|0x00000005db800000, 0x00000005db800000, 0x00000005dc000000|  0%| F|  |TAMS 0x00000005db800000, 0x00000005db800000| Untracked 
| 184|0x00000005dc000000, 0x00000005dc000000, 0x00000005dc800000|  0%| F|  |TAMS 0x00000005dc000000, 0x00000005dc000000| Untracked 
| 185|0x00000005dc800000, 0x00000005dc800000, 0x00000005dd000000|  0%| F|  |TAMS 0x00000005dc800000, 0x00000005dc800000| Untracked 
| 186|0x00000005dd000000, 0x00000005dd000000, 0x00000005dd800000|  0%| F|  |TAMS 0x00000005dd000000, 0x00000005dd000000| Untracked 
| 187|0x00000005dd800000, 0x00000005dd800000, 0x00000005de000000|  0%| F|  |TAMS 0x00000005dd800000, 0x00000005dd800000| Untracked 
| 188|0x00000005de000000, 0x00000005de000000, 0x00000005de800000|  0%| F|  |TAMS 0x00000005de000000, 0x00000005de000000| Untracked 
| 189|0x00000005de800000, 0x00000005de800000, 0x00000005df000000|  0%| F|  |TAMS 0x00000005de800000, 0x00000005de800000| Untracked 
| 190|0x00000005df000000, 0x00000005df000000, 0x00000005df800000|  0%| F|  |TAMS 0x00000005df000000, 0x00000005df000000| Untracked 
| 191|0x00000005df800000, 0x00000005df800000, 0x00000005e0000000|  0%| F|  |TAMS 0x00000005df800000, 0x00000005df800000| Untracked 
| 192|0x00000005e0000000, 0x00000005e0000000, 0x00000005e0800000|  0%| F|  |TAMS 0x00000005e0000000, 0x00000005e0000000| Untracked 
| 193|0x00000005e0800000, 0x00000005e0800000, 0x00000005e1000000|  0%| F|  |TAMS 0x00000005e0800000, 0x00000005e0800000| Untracked 
| 194|0x00000005e1000000, 0x00000005e1000000, 0x00000005e1800000|  0%| F|  |TAMS 0x00000005e1000000, 0x00000005e1000000| Untracked 
| 195|0x00000005e1800000, 0x00000005e1800000, 0x00000005e2000000|  0%| F|  |TAMS 0x00000005e1800000, 0x00000005e1800000| Untracked 
| 196|0x00000005e2000000, 0x00000005e2000000, 0x00000005e2800000|  0%| F|  |TAMS 0x00000005e2000000, 0x00000005e2000000| Untracked 
| 197|0x00000005e2800000, 0x00000005e2800000, 0x00000005e3000000|  0%| F|  |TAMS 0x00000005e2800000, 0x00000005e2800000| Untracked 
| 198|0x00000005e3000000, 0x00000005e3000000, 0x00000005e3800000|  0%| F|  |TAMS 0x00000005e3000000, 0x00000005e3000000| Untracked 
| 199|0x00000005e3800000, 0x00000005e3800000, 0x00000005e4000000|  0%| F|  |TAMS 0x00000005e3800000, 0x00000005e3800000| Untracked 
| 200|0x00000005e4000000, 0x00000005e4000000, 0x00000005e4800000|  0%| F|  |TAMS 0x00000005e4000000, 0x00000005e4000000| Untracked 
| 201|0x00000005e4800000, 0x00000005e4800000, 0x00000005e5000000|  0%| F|  |TAMS 0x00000005e4800000, 0x00000005e4800000| Untracked 
| 202|0x00000005e5000000, 0x00000005e5000000, 0x00000005e5800000|  0%| F|  |TAMS 0x00000005e5000000, 0x00000005e5000000| Untracked 
| 203|0x00000005e5800000, 0x00000005e5800000, 0x00000005e6000000|  0%| F|  |TAMS 0x00000005e5800000, 0x00000005e5800000| Untracked 
| 204|0x00000005e6000000, 0x00000005e6000000, 0x00000005e6800000|  0%| F|  |TAMS 0x00000005e6000000, 0x00000005e6000000| Untracked 
| 205|0x00000005e6800000, 0x00000005e6800000, 0x00000005e7000000|  0%| F|  |TAMS 0x00000005e6800000, 0x00000005e6800000| Untracked 
| 206|0x00000005e7000000, 0x00000005e7000000, 0x00000005e7800000|  0%| F|  |TAMS 0x00000005e7000000, 0x00000005e7000000| Untracked 
| 207|0x00000005e7800000, 0x00000005e7800000, 0x00000005e8000000|  0%| F|  |TAMS 0x00000005e7800000, 0x00000005e7800000| Untracked 
| 208|0x00000005e8000000, 0x00000005e8000000, 0x00000005e8800000|  0%| F|  |TAMS 0x00000005e8000000, 0x00000005e8000000| Untracked 
| 209|0x00000005e8800000, 0x00000005e8800000, 0x00000005e9000000|  0%| F|  |TAMS 0x00000005e8800000, 0x00000005e8800000| Untracked 
| 210|0x00000005e9000000, 0x00000005e9000000, 0x00000005e9800000|  0%| F|  |TAMS 0x00000005e9000000, 0x00000005e9000000| Untracked 
| 211|0x00000005e9800000, 0x00000005e9800000, 0x00000005ea000000|  0%| F|  |TAMS 0x00000005e9800000, 0x00000005e9800000| Untracked 
| 212|0x00000005ea000000, 0x00000005ea000000, 0x00000005ea800000|  0%| F|  |TAMS 0x00000005ea000000, 0x00000005ea000000| Untracked 
| 213|0x00000005ea800000, 0x00000005ea800000, 0x00000005eb000000|  0%| F|  |TAMS 0x00000005ea800000, 0x00000005ea800000| Untracked 
| 214|0x00000005eb000000, 0x00000005eb000000, 0x00000005eb800000|  0%| F|  |TAMS 0x00000005eb000000, 0x00000005eb000000| Untracked 
| 215|0x00000005eb800000, 0x00000005eb800000, 0x00000005ec000000|  0%| F|  |TAMS 0x00000005eb800000, 0x00000005eb800000| Untracked 
| 216|0x00000005ec000000, 0x00000005ec000000, 0x00000005ec800000|  0%| F|  |TAMS 0x00000005ec000000, 0x00000005ec000000| Untracked 
| 217|0x00000005ec800000, 0x00000005ec800000, 0x00000005ed000000|  0%| F|  |TAMS 0x00000005ec800000, 0x00000005ec800000| Untracked 
| 218|0x00000005ed000000, 0x00000005ed000000, 0x00000005ed800000|  0%| F|  |TAMS 0x00000005ed000000, 0x00000005ed000000| Untracked 
| 219|0x00000005ed800000, 0x00000005ed800000, 0x00000005ee000000|  0%| F|  |TAMS 0x00000005ed800000, 0x00000005ed800000| Untracked 
| 220|0x00000005ee000000, 0x00000005ee000000, 0x00000005ee800000|  0%| F|  |TAMS 0x00000005ee000000, 0x00000005ee000000| Untracked 
| 221|0x00000005ee800000, 0x00000005ee800000, 0x00000005ef000000|  0%| F|  |TAMS 0x00000005ee800000, 0x00000005ee800000| Untracked 
| 222|0x00000005ef000000, 0x00000005ef000000, 0x00000005ef800000|  0%| F|  |TAMS 0x00000005ef000000, 0x00000005ef000000| Untracked 
| 223|0x00000005ef800000, 0x00000005ef800000, 0x00000005f0000000|  0%| F|  |TAMS 0x00000005ef800000, 0x00000005ef800000| Untracked 
| 224|0x00000005f0000000, 0x00000005f0000000, 0x00000005f0800000|  0%| F|  |TAMS 0x00000005f0000000, 0x00000005f0000000| Untracked 
| 225|0x00000005f0800000, 0x00000005f0800000, 0x00000005f1000000|  0%| F|  |TAMS 0x00000005f0800000, 0x00000005f0800000| Untracked 
| 226|0x00000005f1000000, 0x00000005f1000000, 0x00000005f1800000|  0%| F|  |TAMS 0x00000005f1000000, 0x00000005f1000000| Untracked 
| 227|0x00000005f1800000, 0x00000005f1800000, 0x00000005f2000000|  0%| F|  |TAMS 0x00000005f1800000, 0x00000005f1800000| Untracked 
| 228|0x00000005f2000000, 0x00000005f2000000, 0x00000005f2800000|  0%| F|  |TAMS 0x00000005f2000000, 0x00000005f2000000| Untracked 
| 229|0x00000005f2800000, 0x00000005f2800000, 0x00000005f3000000|  0%| F|  |TAMS 0x00000005f2800000, 0x00000005f2800000| Untracked 
| 230|0x00000005f3000000, 0x00000005f3000000, 0x00000005f3800000|  0%| F|  |TAMS 0x00000005f3000000, 0x00000005f3000000| Untracked 
| 231|0x00000005f3800000, 0x00000005f3800000, 0x00000005f4000000|  0%| F|  |TAMS 0x00000005f3800000, 0x00000005f3800000| Untracked 
| 232|0x00000005f4000000, 0x00000005f4000000, 0x00000005f4800000|  0%| F|  |TAMS 0x00000005f4000000, 0x00000005f4000000| Untracked 
| 233|0x00000005f4800000, 0x00000005f4800000, 0x00000005f5000000|  0%| F|  |TAMS 0x00000005f4800000, 0x00000005f4800000| Untracked 
| 234|0x00000005f5000000, 0x00000005f5000000, 0x00000005f5800000|  0%| F|  |TAMS 0x00000005f5000000, 0x00000005f5000000| Untracked 
| 235|0x00000005f5800000, 0x00000005f5800000, 0x00000005f6000000|  0%| F|  |TAMS 0x00000005f5800000, 0x00000005f5800000| Untracked 
| 236|0x00000005f6000000, 0x00000005f6000000, 0x00000005f6800000|  0%| F|  |TAMS 0x00000005f6000000, 0x00000005f6000000| Untracked 
| 237|0x00000005f6800000, 0x00000005f6800000, 0x00000005f7000000|  0%| F|  |TAMS 0x00000005f6800000, 0x00000005f6800000| Untracked 
| 238|0x00000005f7000000, 0x00000005f7000000, 0x00000005f7800000|  0%| F|  |TAMS 0x00000005f7000000, 0x00000005f7000000| Untracked 
| 239|0x00000005f7800000, 0x00000005f7800000, 0x00000005f8000000|  0%| F|  |TAMS 0x00000005f7800000, 0x00000005f7800000| Untracked 
| 240|0x00000005f8000000, 0x00000005f8000000, 0x00000005f8800000|  0%| F|  |TAMS 0x00000005f8000000, 0x00000005f8000000| Untracked 
| 241|0x00000005f8800000, 0x00000005f8800000, 0x00000005f9000000|  0%| F|  |TAMS 0x00000005f8800000, 0x00000005f8800000| Untracked 
| 242|0x00000005f9000000, 0x00000005f9000000, 0x00000005f9800000|  0%| F|  |TAMS 0x00000005f9000000, 0x00000005f9000000| Untracked 
| 243|0x00000005f9800000, 0x00000005f9800000, 0x00000005fa000000|  0%| F|  |TAMS 0x00000005f9800000, 0x00000005f9800000| Untracked 
| 244|0x00000005fa000000, 0x00000005fa000000, 0x00000005fa800000|  0%| F|  |TAMS 0x00000005fa000000, 0x00000005fa000000| Untracked 
| 245|0x00000005fa800000, 0x00000005faeb47b0, 0x00000005fb000000| 83%| S|CS|TAMS 0x00000005fa800000, 0x00000005fa800000| Complete 
| 246|0x00000005fb000000, 0x00000005fb000000, 0x00000005fb800000|  0%| F|  |TAMS 0x00000005fb000000, 0x00000005fb000000| Untracked 
| 247|0x00000005fb800000, 0x00000005fb800000, 0x00000005fc000000|  0%| F|  |TAMS 0x00000005fb800000, 0x00000005fb800000| Untracked 
| 248|0x00000005fc000000, 0x00000005fc000000, 0x00000005fc800000|  0%| F|  |TAMS 0x00000005fc000000, 0x00000005fc000000| Untracked 
| 249|0x00000005fc800000, 0x00000005fc800000, 0x00000005fd000000|  0%| F|  |TAMS 0x00000005fc800000, 0x00000005fc800000| Untracked 
| 250|0x00000005fd000000, 0x00000005fd000000, 0x00000005fd800000|  0%| F|  |TAMS 0x00000005fd000000, 0x00000005fd000000| Untracked 
| 251|0x00000005fd800000, 0x00000005fd800000, 0x00000005fe000000|  0%| F|  |TAMS 0x00000005fd800000, 0x00000005fd800000| Untracked 
| 252|0x00000005fe000000, 0x00000005fe000000, 0x00000005fe800000|  0%| F|  |TAMS 0x00000005fe000000, 0x00000005fe000000| Untracked 
| 253|0x00000005fe800000, 0x00000005fe800000, 0x00000005ff000000|  0%| F|  |TAMS 0x00000005fe800000, 0x00000005fe800000| Untracked 
| 254|0x00000005ff000000, 0x00000005ff214968, 0x00000005ff800000| 26%| E|  |TAMS 0x00000005ff000000, 0x00000005ff000000| Complete 
| 255|0x00000005ff800000, 0x0000000600000000, 0x0000000600000000|100%| E|CS|TAMS 0x00000005ff800000, 0x00000005ff800000| Complete 
|1278|0x00000007ff000000, 0x00000007ff777000, 0x00000007ff800000| 93%|OA|  |TAMS 0x00000007ff000000, 0x00000007ff000000| Untracked 
|1279|0x00000007ff800000, 0x00000007ff878000, 0x0000000800000000|  5%|CA|  |TAMS 0x00000007ff800000, 0x00000007ff800000| Untracked 

Card table byte_map: [0x0000148b73efa000,0x0000148b752fa000] _byte_map_base: 0x0000148b712fa000

Marking Bits (Prev, Next): (CMBitMap*) 0x0000148b8c07f920, (CMBitMap*) 0x0000148b8c07f960
 Prev Bits: [0x0000148b68afa000, 0x0000148b72afa000)
 Next Bits: [0x0000148b5eafa000, 0x0000148b68afa000)

Polling page: 0x0000148b9564b000

Metaspace:

Usage:
  Non-class:     16.34 MB used.
      Class:      2.13 MB used.
       Both:     18.47 MB used.

Virtual space:
  Non-class space:       64.00 MB reserved,      16.56 MB ( 26%) committed,  1 nodes.
      Class space:        1.00 GB reserved,       2.31 MB ( <1%) committed,  1 nodes.
             Both:        1.06 GB reserved,      18.88 MB (  2%) committed. 

Chunk freelists:
   Non-Class:  15.17 MB
       Class:  13.67 MB
        Both:  28.84 MB

MaxMetaspaceSize: unlimited
CompressedClassSpaceSize: 1.00 GB
Initial GC threshold: 21.00 MB
Current GC threshold: 21.00 MB
CDS: on
MetaspaceReclaimPolicy: balanced
 - commit_granule_bytes: 65536.
 - commit_granule_words: 8192.
 - virtual_space_node_default_size: 8388608.
 - enlarge_chunks_in_place: 1.
 - new_chunks_are_fully_committed: 0.
 - uncommit_free_chunks: 1.
 - use_allocation_guard: 0.
 - handle_deallocations: 1.


Internal statistics:

num_allocs_failed_limit: 0.
num_arena_births: 476.
num_arena_deaths: 0.
num_vsnodes_births: 2.
num_vsnodes_deaths: 0.
num_space_committed: 302.
num_space_uncommitted: 0.
num_chunks_returned_to_freelist: 0.
num_chunks_taken_from_freelist: 1107.
num_chunk_merges: 0.
num_chunk_splits: 732.
num_chunks_enlarged: 485.
num_inconsistent_stats: 0.

CodeHeap 'non-profiled nmethods': size=119168Kb used=2545Kb max_used=2545Kb free=116622Kb
 bounds [0x0000148b7ce9a000, 0x0000148b7d11a000, 0x0000148b842fa000]
CodeHeap 'profiled nmethods': size=119164Kb used=8243Kb max_used=8243Kb free=110920Kb
 bounds [0x0000148b752fa000, 0x0000148b75b0a000, 0x0000148b7c759000]
CodeHeap 'non-nmethods': size=7428Kb used=1575Kb max_used=3412Kb free=5852Kb
 bounds [0x0000148b7c759000, 0x0000148b7cac9000, 0x0000148b7ce9a000]
 total_blobs=5006 nmethods=4383 adapters=534
 compilation: enabled
              stopped_count=0, restarted_count=0
 full_count=0

Compilation events (20 events):
Event: 151.014 Thread 0x0000148b8c32de90 4374       3       java.nio.Buffer::discardMark (6 bytes)
Event: 151.014 Thread 0x0000148b8c32de90 nmethod 4374 0x0000148b75aff110 code [0x0000148b75aff2a0, 0x0000148b75aff3b0]
Event: 156.209 Thread 0x0000148b8c32de90 4376   !   3       sun.nio.cs.StreamDecoder::readBytes (271 bytes)
Event: 156.210 Thread 0x0000148b8c32de90 nmethod 4376 0x0000148b75aff410 code [0x0000148b75aff720, 0x0000148b75b00700]
Event: 156.210 Thread 0x0000148b8c32de90 4377       3       java.nio.HeapByteBuffer::compact (85 bytes)
Event: 156.211 Thread 0x0000148b8c32de90 nmethod 4377 0x0000148b75b00f90 code [0x0000148b75b01180, 0x0000148b75b01780]
Event: 166.588 Thread 0x0000148b8c32de90 4378       3       java.io.InputStreamReader::read (11 bytes)
Event: 166.588 Thread 0x0000148b8c32de90 nmethod 4378 0x0000148b75b01990 code [0x0000148b75b01b40, 0x0000148b75b01ca0]
Event: 166.588 Thread 0x0000148b8c32de90 4380       3       sun.nio.cs.StreamDecoder::implRead (243 bytes)
Event: 166.589 Thread 0x0000148b8c32de90 nmethod 4380 0x0000148b75b01d90 code [0x0000148b75b02040, 0x0000148b75b02e30]
Event: 166.589 Thread 0x0000148b8c32de90 4379   !   3       sun.nio.cs.StreamDecoder::read (220 bytes)
Event: 166.590 Thread 0x0000148b8c32de90 nmethod 4379 0x0000148b75b03310 code [0x0000148b75b035a0, 0x0000148b75b041e0]
Event: 167.329 Thread 0x0000148b8c32de90 4381  s    3       java.io.BufferedOutputStream::flush (12 bytes)
Event: 167.329 Thread 0x0000148b8c32de90 nmethod 4381 0x0000148b75b04710 code [0x0000148b75b048e0, 0x0000148b75b04cd0]
Event: 208.714 Thread 0x0000148b8c32de90 4382       3       java.io.PrintStream::ensureOpen (18 bytes)
Event: 208.714 Thread 0x0000148b8c32de90 nmethod 4382 0x0000148b75b04e10 code [0x0000148b75b04fc0, 0x0000148b75b051c0]
Event: 244.267 Thread 0x0000148b8c32de90 4383       3       java.io.BufferedReader::fill (170 bytes)
Event: 244.267 Thread 0x0000148b8c32de90 nmethod 4383 0x0000148b75b05290 code [0x0000148b75b05480, 0x0000148b75b05b00]
Event: 247.849 Thread 0x0000148b8c32de90 4384       3       java.lang.invoke.LambdaForm$MH/0x0000148b0802ec00::invoke (25 bytes)
Event: 247.849 Thread 0x0000148b8c32de90 nmethod 4384 0x0000148b75b05c90 code [0x0000148b75b05e60, 0x0000148b75b063b0]

GC Heap History (4 events):
Event: 1.801 GC heap before
{Heap before GC invocations=0 (full 0):
 garbage-first heap   total 2113536K, used 106428K [0x0000000580000000, 0x0000000800000000)
  region size 8192K, 12 young (98304K), 0 survivors (0K)
 Metaspace       used 16623K, committed 16960K, reserved 1114112K
  class space    used 1971K, committed 2112K, reserved 1048576K
}
Event: 1.806 GC heap after
{Heap after GC invocations=1 (full 0):
 garbage-first heap   total 2113536K, used 19338K [0x0000000580000000, 0x0000000800000000)
  region size 8192K, 2 young (16384K), 2 survivors (16384K)
 Metaspace       used 16623K, committed 16960K, reserved 1114112K
  class space    used 1971K, committed 2112K, reserved 1048576K
}
Event: 2.966 GC heap before
{Heap before GC invocations=1 (full 0):
 garbage-first heap   total 2113536K, used 93066K [0x0000000580000000, 0x0000000800000000)
  region size 8192K, 12 young (98304K), 2 survivors (16384K)
 Metaspace       used 18298K, committed 18688K, reserved 1114112K
  class space    used 2118K, committed 2304K, reserved 1048576K
}
Event: 2.971 GC heap after
{Heap after GC invocations=2 (full 0):
 garbage-first heap   total 2113536K, used 24899K [0x0000000580000000, 0x0000000800000000)
  region size 8192K, 1 young (8192K), 1 survivors (8192K)
 Metaspace       used 18298K, committed 18688K, reserved 1114112K
  class space    used 2118K, committed 2304K, reserved 1048576K
}

Dll operation events (7 events):
Event: 0.006 Loaded shared library /software/treeoflife/custom-installs/bin/nextflow/26.04.3-12259/zulu17.58.21-ca-jdk17.0.15-linux_x64/lib/libjava.so
Event: 0.029 Loaded shared library /software/treeoflife/custom-installs/bin/nextflow/26.04.3-12259/zulu17.58.21-ca-jdk17.0.15-linux_x64/lib/libjsvml.so
Event: 0.038 Loaded shared library /software/treeoflife/custom-installs/bin/nextflow/26.04.3-12259/zulu17.58.21-ca-jdk17.0.15-linux_x64/lib/libnio.so
Event: 0.047 Loaded shared library /software/treeoflife/custom-installs/bin/nextflow/26.04.3-12259/zulu17.58.21-ca-jdk17.0.15-linux_x64/lib/libzip.so
Event: 0.056 Loaded shared library /software/treeoflife/custom-installs/bin/nextflow/26.04.3-12259/zulu17.58.21-ca-jdk17.0.15-linux_x64/lib/libverify.so
Event: 0.077 Loaded shared library /software/treeoflife/custom-installs/bin/nextflow/26.04.3-12259/zulu17.58.21-ca-jdk17.0.15-linux_x64/lib/libjimage.so
Event: 0.314 Loaded shared library /software/treeoflife/custom-installs/bin/nextflow/26.04.3-12259/zulu17.58.21-ca-jdk17.0.15-linux_x64/lib/libnet.so

Deoptimization events (20 events):
Event: 2.981 Thread 0x0000148b8c02c760 DEOPT PACKING pc=0x0000148b7d00fb34 sp=0x0000148b93f80210
Event: 2.981 Thread 0x0000148b8c02c760 DEOPT UNPACKING pc=0x0000148b7c7b2b19 sp=0x0000148b93f801f0 mode 2
Event: 3.102 Thread 0x0000148b8c02c760 DEOPT PACKING pc=0x0000148b758e5f11 sp=0x0000148b93f80d00
Event: 3.102 Thread 0x0000148b8c02c760 DEOPT UNPACKING pc=0x0000148b7c7b364f sp=0x0000148b93f80230 mode 0
Event: 4.598 Thread 0x0000148b8c02c760 Uncommon trap: trap_request=0xffffffde fr.pc=0x0000148b7d0a41e8 relative=0x00000000000016c8
Event: 4.598 Thread 0x0000148b8c02c760 Uncommon trap: reason=class_check action=maybe_recompile pc=0x0000148b7d0a41e8 method=java.util.TimSort.mergeHi(IIII)V @ 227 c2
Event: 4.598 Thread 0x0000148b8c02c760 DEOPT PACKING pc=0x0000148b7d0a41e8 sp=0x0000148b93f7fa40
Event: 4.598 Thread 0x0000148b8c02c760 DEOPT UNPACKING pc=0x0000148b7c7b2b19 sp=0x0000148b93f7f9f8 mode 2
Event: 4.606 Thread 0x0000148b8c02c760 Uncommon trap: trap_request=0xffffff45 fr.pc=0x0000148b7d09d450 relative=0x00000000000004f0
Event: 4.606 Thread 0x0000148b8c02c760 Uncommon trap: reason=unstable_if action=reinterpret pc=0x0000148b7d09d450 method=jdk.internal.org.objectweb.asm.MethodWriter.visitVarInsn(II)V @ 242 c2
Event: 4.606 Thread 0x0000148b8c02c760 DEOPT PACKING pc=0x0000148b7d09d450 sp=0x0000148b93f7f0d0
Event: 4.606 Thread 0x0000148b8c02c760 DEOPT UNPACKING pc=0x0000148b7c7b2b19 sp=0x0000148b93f7f098 mode 2
Event: 4.616 Thread 0x0000148b8c02c760 Uncommon trap: trap_request=0xffffff45 fr.pc=0x0000148b7d10b7a8 relative=0x0000000000000288
Event: 4.616 Thread 0x0000148b8c02c760 Uncommon trap: reason=unstable_if action=reinterpret pc=0x0000148b7d10b7a8 method=sun.nio.fs.UnixPath.normalizeAndCheck(Ljava/lang/String;)Ljava/lang/String; @ 61 c2
Event: 4.616 Thread 0x0000148b8c02c760 DEOPT PACKING pc=0x0000148b7d10b7a8 sp=0x0000148b93f7fb90
Event: 4.616 Thread 0x0000148b8c02c760 DEOPT UNPACKING pc=0x0000148b7c7b2b19 sp=0x0000148b93f7fb30 mode 2
Event: 5.890 Thread 0x0000148b8c02c760 Uncommon trap: trap_request=0xffffff45 fr.pc=0x0000148b7d01a8d0 relative=0x0000000000000610
Event: 5.890 Thread 0x0000148b8c02c760 Uncommon trap: reason=unstable_if action=reinterpret pc=0x0000148b7d01a8d0 method=java.util.regex.Pattern$StartS.match(Ljava/util/regex/Matcher;ILjava/lang/CharSequence;)Z @ 10 c2
Event: 5.890 Thread 0x0000148b8c02c760 DEOPT PACKING pc=0x0000148b7d01a8d0 sp=0x0000148b93f810a0
Event: 5.890 Thread 0x0000148b8c02c760 DEOPT UNPACKING pc=0x0000148b7c7b2b19 sp=0x0000148b93f81070 mode 2

Classes loaded (20 events):
Event: 4.580 Loading class org/w3c/dom/Node done
Event: 4.580 Loading class org/w3c/dom/Element done
Event: 4.616 Loading class sun/nio/fs/UnixException
Event: 4.616 Loading class sun/nio/fs/UnixException done
Event: 4.617 Loading class java/lang/ProcessBuilder$Redirect
Event: 4.617 Loading class java/lang/ProcessBuilder$Redirect done
Event: 4.617 Loading class java/lang/ProcessBuilder$Redirect$1
Event: 4.617 Loading class java/lang/ProcessBuilder$Redirect$1 done
Event: 4.617 Loading class java/lang/ProcessBuilder$Redirect$2
Event: 4.617 Loading class java/lang/ProcessBuilder$Redirect$2 done
Event: 4.617 Loading class java/lang/ProcessBuilder$Redirect$3
Event: 4.617 Loading class java/lang/ProcessBuilder$Redirect$3 done
Event: 4.617 Loading class java/lang/ProcessBuilder$Redirect$Type
Event: 4.617 Loading class java/lang/ProcessBuilder$Redirect$Type done
Event: 4.617 Loading class java/lang/ProcessBuilder$RedirectPipeImpl
Event: 4.617 Loading class java/lang/ProcessBuilder$RedirectPipeImpl done
Event: 4.625 Loading class java/lang/ProcessBuilder$NullInputStream
Event: 4.625 Loading class java/lang/ProcessBuilder$NullInputStream done
Event: 5.884 Loading class java/io/StringReader
Event: 5.884 Loading class java/io/StringReader done

Classes unloaded (0 events):
No events

Classes redefined (0 events):
No events

Internal exceptions (20 events):
Event: 4.585 Thread 0x0000148b8c02c760 Exception <a 'java/lang/ClassNotFoundException'{0x00000005ffd7e3c0}: groovy/lang/GString$1BeanInfo> (0x00000005ffd7e3c0) 
thrown [src/hotspot/share/classfile/systemDictionary.cpp, line 259]
Event: 4.585 Thread 0x0000148b8c02c760 Exception <a 'java/lang/ClassNotFoundException'{0x00000005ffd7f918}: groovy/lang/GStringBeanInfo> (0x00000005ffd7f918) 
thrown [src/hotspot/share/classfile/systemDictionary.cpp, line 259]
Event: 4.585 Thread 0x0000148b8c02c760 Exception <a 'java/lang/ClassNotFoundException'{0x00000005ffd80e38}: groovy/lang/GStringCustomizer> (0x00000005ffd80e38) 
thrown [src/hotspot/share/classfile/systemDictionary.cpp, line 259]
Event: 4.586 Thread 0x0000148b8c02c760 Exception <a 'java/lang/ClassNotFoundException'{0x00000005ffd8e400}: groovy/lang/GString$1Customizer> (0x00000005ffd8e400) 
thrown [src/hotspot/share/classfile/systemDictionary.cpp, line 259]
Event: 4.592 Thread 0x0000148b8c02c760 Exception <a 'java/lang/ClassNotFoundException'{0x00000005ffdbe478}: com/askimed/nf/test/lang/pipeline/PipelineContextBeanInfo> (0x00000005ffdbe478) 
thrown [src/hotspot/share/classfile/systemDictionary.cpp, line 259]
Event: 4.592 Thread 0x0000148b8c02c760 Exception <a 'java/lang/ClassNotFoundException'{0x00000005ffdbfa90}: com/askimed/nf/test/lang/TestContextBeanInfo> (0x00000005ffdbfa90) 
thrown [src/hotspot/share/classfile/systemDictionary.cpp, line 259]
Event: 4.592 Thread 0x0000148b8c02c760 Exception <a 'java/lang/ClassNotFoundException'{0x00000005ffdc1078}: com/askimed/nf/test/lang/TestContextCustomizer> (0x00000005ffdc1078) 
thrown [src/hotspot/share/classfile/systemDictionary.cpp, line 259]
Event: 4.593 Thread 0x0000148b8c02c760 Exception <a 'java/lang/ClassNotFoundException'{0x00000005ffdcee88}: com/askimed/nf/test/lang/pipeline/PipelineContextCustomizer> (0x00000005ffdcee88) 
thrown [src/hotspot/share/classfile/systemDictionary.cpp, line 259]
Event: 4.598 Thread 0x0000148b8c02c760 Exception <a 'java/lang/ClassNotFoundException'{0x00000005ffe017a0}: org/codehaus/groovy/runtime/GStringImplBeanInfo> (0x00000005ffe017a0) 
thrown [src/hotspot/share/classfile/systemDictionary.cpp, line 259]
Event: 4.598 Thread 0x0000148b8c02c760 Exception <a 'java/lang/ClassNotFoundException'{0x00000005ffe02de8}: org/codehaus/groovy/runtime/GStringImplCustomizer> (0x00000005ffe02de8) 
thrown [src/hotspot/share/classfile/systemDictionary.cpp, line 259]
Event: 4.601 Thread 0x0000148b8c02c760 Exception <a 'java/lang/ClassNotFoundException'{0x00000005ffe2bdd0}: nf_core/nf/test/utils/MethodsBeanInfo> (0x00000005ffe2bdd0) 
thrown [src/hotspot/share/classfile/systemDictionary.cpp, line 259]
Event: 4.601 Thread 0x0000148b8c02c760 Exception <a 'java/lang/ClassNotFoundException'{0x00000005ffe2d9c8}: nf_core/nf/test/utils/MethodsCustomizer> (0x00000005ffe2d9c8) 
thrown [src/hotspot/share/classfile/systemDictionary.cpp, line 259]
Event: 4.604 Thread 0x0000148b8c02c760 Exception <a 'java/lang/NoSuchMethodError'{0x00000005ffe5ca58}: 'long java.lang.invoke.DirectMethodHandle$Holder.invokeVirtual(java.lang.Object, java.lang.Object)'> (0x00000005ffe5ca58) 
thrown [src/hotspot/share/interpreter/linkResolver.cpp, line 759]
Event: 4.604 Thread 0x0000148b8c02c760 Exception <a 'java/lang/NoSuchMethodError'{0x00000005ffe60848}: 'float java.lang.invoke.DirectMethodHandle$Holder.invokeVirtual(java.lang.Object, java.lang.Object)'> (0x00000005ffe60848) 
thrown [src/hotspot/share/interpreter/linkResolver.cpp, line 759]
Event: 4.605 Thread 0x0000148b8c02c760 Exception <a 'java/lang/NoSuchMethodError'{0x00000005ffe64750}: 'double java.lang.invoke.DirectMethodHandle$Holder.invokeVirtual(java.lang.Object, java.lang.Object)'> (0x00000005ffe64750) 
thrown [src/hotspot/share/interpreter/linkResolver.cpp, line 759]
Event: 4.605 Thread 0x0000148b8c02c760 Exception <a 'java/lang/NoSuchMethodError'{0x00000005ffe68b50}: 'java.lang.Object java.lang.invoke.DirectMethodHandle$Holder.newInvokeSpecial(java.lang.Object, double)'> (0x00000005ffe68b50) 
thrown [src/hotspot/share/interpreter/linkResolver.cpp, line 759]
Event: 4.605 Thread 0x0000148b8c02c760 Exception <a 'java/lang/NoSuchMethodError'{0x00000005ffe6fe88}: 'double java.lang.invoke.DelegatingMethodHandle$Holder.reinvoke_L(java.lang.Object, java.lang.Object)'> (0x00000005ffe6fe88) 
thrown [src/hotspot/share/interpreter/linkResolver.cpp, line 759]
Event: 4.606 Thread 0x0000148b8c02c760 Exception <a 'java/lang/NoSuchMethodError'{0x00000005ffe77568}: 'java.lang.Object java.lang.invoke.DirectMethodHandle$Holder.newInvokeSpecial(java.lang.Object, long)'> (0x00000005ffe77568) 
thrown [src/hotspot/share/interpreter/linkResolver.cpp, line 759]
Event: 4.616 Thread 0x0000148b8c02c760 Exception <a 'sun/nio/fs/UnixException'{0x00000005ffed66e0}> (0x00000005ffed66e0) 
thrown [src/hotspot/share/prims/jni.cpp, line 516]
Event: 5.641 Thread 0x0000148b8c02c760 Exception <a 'sun/nio/fs/UnixException'{0x00000005ffeef3d8}> (0x00000005ffeef3d8) 
thrown [src/hotspot/share/prims/jni.cpp, line 516]

VM Operations (20 events):
Event: 2.896 Executing VM operation: HandshakeAllThreads
Event: 2.896 Executing VM operation: HandshakeAllThreads done
Event: 2.898 Executing VM operation: ICBufferFull
Event: 2.898 Executing VM operation: ICBufferFull done
Event: 2.966 Executing VM operation: G1CollectForAllocation
Event: 2.972 Executing VM operation: G1CollectForAllocation done
Event: 3.972 Executing VM operation: Cleanup
Event: 3.972 Executing VM operation: Cleanup done
Event: 4.610 Executing VM operation: HandshakeAllThreads
Event: 4.610 Executing VM operation: HandshakeAllThreads done
Event: 5.610 Executing VM operation: Cleanup
Event: 5.610 Executing VM operation: Cleanup done
Event: 6.610 Executing VM operation: Cleanup
Event: 6.610 Executing VM operation: Cleanup done
Event: 60.049 Executing VM operation: HandshakeAllThreads
Event: 60.049 Executing VM operation: HandshakeAllThreads done
Event: 156.056 Executing VM operation: Cleanup
Event: 156.056 Executing VM operation: Cleanup done
Event: 207.064 Executing VM operation: Cleanup
Event: 207.064 Executing VM operation: Cleanup done

Memory protections (20 events):
Event: 0.162 Protecting memory [0x0000148b0228c000,0x0000148b02290000] with protection modes 0
Event: 0.162 Protecting memory [0x0000148b0218c000,0x0000148b02190000] with protection modes 0
Event: 0.426 Protecting memory [0x0000148b5c01a000,0x0000148b5c01e000] with protection modes 0
Event: 0.427 Protecting memory [0x0000148b0208c000,0x0000148b02090000] with protection modes 0
Event: 0.427 Protecting memory [0x0000148b01f8c000,0x0000148b01f90000] with protection modes 0
Event: 1.355 Protecting memory [0x0000148b0258c000,0x0000148b02590000] with protection modes 0
Event: 1.356 Protecting memory [0x0000148b0248c000,0x0000148b02490000] with protection modes 0
Event: 1.364 Protecting memory [0x0000148b0238c000,0x0000148b02390000] with protection modes 0
Event: 1.381 Protecting memory [0x0000148b0218c000,0x0000148b02190000] with protection modes 0
Event: 1.389 Protecting memory [0x0000148b0228c000,0x0000148b02290000] with protection modes 0
Event: 1.418 Protecting memory [0x0000148b01f8c000,0x0000148b01f90000] with protection modes 0
Event: 1.418 Protecting memory [0x0000148b0208c000,0x0000148b02090000] with protection modes 0
Event: 1.423 Protecting memory [0x0000148b01d6a000,0x0000148b01d6e000] with protection modes 0
Event: 1.603 Protecting memory [0x0000148b01c6a000,0x0000148b01c6e000] with protection modes 0
Event: 1.604 Protecting memory [0x0000148b01b6a000,0x0000148b01b6e000] with protection modes 0
Event: 2.602 Protecting memory [0x0000148b01d6a000,0x0000148b01d6e000] with protection modes 0
Event: 2.645 Protecting memory [0x0000148b01c6a000,0x0000148b01c6e000] with protection modes 0
Event: 2.660 Protecting memory [0x0000148b01b6a000,0x0000148b01b6e000] with protection modes 0
Event: 5.893 Protecting memory [0x0000148b0228c000,0x0000148b02290000] with protection modes 0
Event: 5.893 Protecting memory [0x0000148b0248c000,0x0000148b02490000] with protection modes 0

Nmethod flushes (0 events):
No events

Events (20 events):
Event: 1.603 Thread 0x0000148adc12fa10 Thread added: 0x0000148abc0b0ca0
Event: 1.604 Thread 0x0000148b8c32de90 Thread added: 0x0000148adc182090
Event: 1.995 Thread 0x0000148adc182090 Thread exited: 0x0000148adc182090
Event: 2.137 Thread 0x0000148abc0b0ca0 Thread exited: 0x0000148abc0b0ca0
Event: 2.233 Thread 0x0000148ab8014d50 Thread exited: 0x0000148ab8014d50
Event: 2.602 Thread 0x0000148b8c32de90 Thread added: 0x0000148adc2b90e0
Event: 2.645 Thread 0x0000148b8c32de90 Thread added: 0x0000148adc2bb1d0
Event: 2.660 Thread 0x0000148b8c32de90 Thread added: 0x0000148adc2bbe70
Event: 3.267 Thread 0x0000148adc2bbe70 Thread exited: 0x0000148adc2bbe70
Event: 3.267 Thread 0x0000148adc2bb1d0 Thread exited: 0x0000148adc2bb1d0
Event: 3.267 Thread 0x0000148adc2b90e0 Thread exited: 0x0000148adc2b90e0
Event: 3.286 Thread 0x0000148abc093fa0 Thread exited: 0x0000148abc093fa0
Event: 3.330 Thread 0x0000148abc093430 Thread exited: 0x0000148abc093430
Event: 3.330 Thread 0x0000148ac405c100 Thread exited: 0x0000148ac405c100
Event: 3.330 Thread 0x0000148adc12b900 Thread exited: 0x0000148adc12b900
Event: 4.060 Thread 0x0000148adc12fa10 Thread exited: 0x0000148adc12fa10
Event: 5.893 Thread 0x0000148b8c02c760 Thread added: 0x0000148b8c93b8b0
Event: 5.893 Thread 0x0000148b8c02c760 Thread added: 0x0000148b8c4b1a20
Event: 10.895 Thread 0x0000148ad0056180 Thread exited: 0x0000148ad0056180
Event: 10.895 Thread 0x0000148adc12a9f0 Thread exited: 0x0000148adc12a9f0


Dynamic libraries:
580000000-600000000 rw-p 00000000 00:00 0 
600000000-7ff000000 ---p 00000000 00:00 0 
7ff000000-7ff700000 rw-p 00000000 00:00 0 
7ff700000-7ff777000 rw-p 00ca9000 00:3a 11150275545                      /software/treeoflife/custom-installs/bin/nextflow/26.04.3-12259/zulu17.58.21-ca-jdk17.0.15-linux_x64/lib/server/classes.jsa
7ff777000-7ff800000 rw-p 00000000 00:00 0 
7ff800000-7ff878000 rw-p 00c31000 00:3a 11150275545                      /software/treeoflife/custom-installs/bin/nextflow/26.04.3-12259/zulu17.58.21-ca-jdk17.0.15-linux_x64/lib/server/classes.jsa
7ff878000-800000000 rw-p 00000000 00:00 0 
148a74000000-148a74021000 rw-p 00000000 00:00 0 
148a74021000-148a78000000 ---p 00000000 00:00 0 
148a78000000-148a78021000 rw-p 00000000 00:00 0 
148a78021000-148a7c000000 ---p 00000000 00:00 0 
148a7c000000-148a7c021000 rw-p 00000000 00:00 0 
148a7c021000-148a80000000 ---p 00000000 00:00 0 
148a80000000-148a80021000 rw-p 00000000 00:00 0 
148a80021000-148a84000000 ---p 00000000 00:00 0 
148a84000000-148a84021000 rw-p 00000000 00:00 0 
148a84021000-148a88000000 ---p 00000000 00:00 0 
148a88000000-148a88021000 rw-p 00000000 00:00 0 
148a88021000-148a8c000000 ---p 00000000 00:00 0 
148a8c000000-148a8c021000 rw-p 00000000 00:00 0 
148a8c021000-148a90000000 ---p 00000000 00:00 0 
148a90000000-148a90021000 rw-p 00000000 00:00 0 
148a90021000-148a94000000 ---p 00000000 00:00 0 
148a94000000-148a94021000 rw-p 00000000 00:00 0 
148a94021000-148a98000000 ---p 00000000 00:00 0 
148a98000000-148a98021000 rw-p 00000000 00:00 0 
148a98021000-148a9c000000 ---p 00000000 00:00 0 
148a9c000000-148a9c021000 rw-p 00000000 00:00 0 
148a9c021000-148aa0000000 ---p 00000000 00:00 0 
148aa0000000-148aa0021000 rw-p 00000000 00:00 0 
148aa0021000-148aa4000000 ---p 00000000 00:00 0 
148aa4000000-148aa495b000 rw-p 00000000 00:00 0 
148aa495b000-148aa8000000 ---p 00000000 00:00 0 
148aa8000000-148aa8c66000 rw-p 00000000 00:00 0 
148aa8c66000-148aac000000 ---p 00000000 00:00 0 
148aac000000-148aac991000 rw-p 00000000 00:00 0 
148aac991000-148ab0000000 ---p 00000000 00:00 0 
148ab0000000-148ab0ac4000 rw-p 00000000 00:00 0 
148ab0ac4000-148ab4000000 ---p 00000000 00:00 0 
148ab4000000-148ab4021000 rw-p 00000000 00:00 0 
148ab4021000-148ab8000000 ---p 00000000 00:00 0 
148ab8000000-148ab8b0e000 rw-p 00000000 00:00 0 
148ab8b0e000-148abc000000 ---p 00000000 00:00 0 
148abc000000-148abc389000 rw-p 00000000 00:00 0 
148abc389000-148ac0000000 ---p 00000000 00:00 0 
148ac0000000-148ac029f000 rw-p 00000000 00:00 0 
148ac029f000-148ac4000000 ---p 00000000 00:00 0 
148ac4000000-148ac4bde000 rw-p 00000000 00:00 0 
148ac4bde000-148ac8000000 ---p 00000000 00:00 0 
148ac8000000-148ac8dd7000 rw-p 00000000 00:00 0 
148ac8dd7000-148acc000000 ---p 00000000 00:00 0 
148acc000000-148acc021000 rw-p 00000000 00:00 0 
148acc021000-148ad0000000 ---p 00000000 00:00 0 
148ad0000000-148ad03c6000 rw-p 00000000 00:00 0 
148ad03c6000-148ad4000000 ---p 00000000 00:00 0 
148ad4000000-148ad4021000 rw-p 00000000 00:00 0 
148ad4021000-148ad8000000 ---p 00000000 00:00 0 
148ad8000000-148ad8021000 rw-p 00000000 00:00 0 
148ad8021000-148adc000000 ---p 00000000 00:00 0 
148adc000000-148adc4d5000 rw-p 00000000 00:00 0 
148adc4d5000-148ae0000000 ---p 00000000 00:00 0 
148ae0000000-148ae0021000 rw-p 00000000 00:00 0 
148ae0021000-148ae4000000 ---p 00000000 00:00 0 
148ae4000000-148ae4021000 rw-p 00000000 00:00 0 
148ae4021000-148ae8000000 ---p 00000000 00:00 0 
148ae8000000-148ae8c0f000 rw-p 00000000 00:00 0 
148ae8c0f000-148aec000000 ---p 00000000 00:00 0 
148aec000000-148aec021000 rw-p 00000000 00:00 0 
148aec021000-148af0000000 ---p 00000000 00:00 0 
148af0000000-148af0021000 rw-p 00000000 00:00 0 
148af0021000-148af4000000 ---p 00000000 00:00 0 
148af4000000-148af4021000 rw-p 00000000 00:00 0 
148af4021000-148af8000000 ---p 00000000 00:00 0 
148af8000000-148af8021000 rw-p 00000000 00:00 0 
148af8021000-148afc000000 ---p 00000000 00:00 0 
148afc000000-148afc021000 rw-p 00000000 00:00 0 
148afc021000-148b00000000 ---p 00000000 00:00 0 
148b00cc4000-148b00f5e000 rw-p 00000000 00:00 0 
148b00f5e000-148b00f5f000 ---p 00000000 00:00 0 
148b00f5f000-148b0105f000 rw-p 00000000 00:00 0 
148b0105f000-148b01060000 ---p 00000000 00:00 0 
148b01060000-148b01160000 rw-p 00000000 00:00 0 
148b01160000-148b01161000 ---p 00000000 00:00 0 
148b01161000-148b01261000 rw-p 00000000 00:00 0 
148b01261000-148b01262000 ---p 00000000 00:00 0 
148b01262000-148b01362000 rw-p 00000000 00:00 0 
148b01362000-148b01363000 ---p 00000000 00:00 0 
148b01363000-148b01463000 rw-p 00000000 00:00 0 
148b01463000-148b01464000 ---p 00000000 00:00 0 
148b01464000-148b01564000 rw-p 00000000 00:00 0 
148b01564000-148b01565000 ---p 00000000 00:00 0 
148b01565000-148b01665000 rw-p 00000000 00:00 0 
148b01665000-148b01666000 ---p 00000000 00:00 0 
148b01666000-148b01766000 rw-p 00000000 00:00 0 
148b01766000-148b01767000 ---p 00000000 00:00 0 
148b01767000-148b01867000 rw-p 00000000 00:00 0 
148b01867000-148b01868000 ---p 00000000 00:00 0 
148b01868000-148b01968000 rw-p 00000000 00:00 0 
148b01968000-148b01969000 ---p 00000000 00:00 0 
148b01969000-148b01a69000 rw-p 00000000 00:00 0 
148b01a69000-148b01a6a000 ---p 00000000 00:00 0 
148b01a6a000-148b01b6a000 rw-p 00000000 00:00 0 
148b01b6a000-148b01b6e000 ---p 00000000 00:00 0 
148b01b6e000-148b01c6a000 rw-p 00000000 00:00 0 
148b01c6a000-148b01c6e000 ---p 00000000 00:00 0 
148b01c6e000-148b01d6a000 rw-p 00000000 00:00 0 
148b01d6a000-148b01d6e000 ---p 00000000 00:00 0 
148b01d6e000-148b01f8c000 rw-p 00000000 00:00 0 
148b01f8c000-148b01f90000 ---p 00000000 00:00 0 
148b01f90000-148b0208c000 rw-p 00000000 00:00 0 
148b0208c000-148b02090000 ---p 00000000 00:00 0 
148b02090000-148b0218c000 rw-p 00000000 00:00 0 
148b0218c000-148b02190000 ---p 00000000 00:00 0 
148b02190000-148b0228c000 rw-p 00000000 00:00 0 
148b0228c000-148b02290000 ---p 00000000 00:00 0 
148b02290000-148b0238c000 rw-p 00000000 00:00 0 
148b0238c000-148b02390000 ---p 00000000 00:00 0 
148b02390000-148b0248c000 rw-p 00000000 00:00 0 
148b0248c000-148b02490000 ---p 00000000 00:00 0 
148b02490000-148b0258c000 rw-p 00000000 00:00 0 
148b0258c000-148b02590000 ---p 00000000 00:00 0 
148b02590000-148b0268c000 rw-p 00000000 00:00 0 
148b0268c000-148b02690000 ---p 00000000 00:00 0 
148b02690000-148b0278c000 rw-p 00000000 00:00 0 
148b0278c000-148b0278d000 ---p 00000000 00:00 0 
148b0278d000-148b0288d000 rw-p 00000000 00:00 0 
148b0288d000-148b02891000 ---p 00000000 00:00 0 
148b02891000-148b0298d000 rw-p 00000000 00:00 0 
148b0298d000-148b02991000 ---p 00000000 00:00 0 
148b02991000-148b02a8d000 rw-p 00000000 00:00 0 
148b02a8d000-148b03000000 r--p 00000000 fd:00 6947098                    /usr/lib/locale/locale-archive
148b03000000-148b03400000 rw-p 00000000 00:00 0 
148b03400000-148b03900000 rw-p 00000000 00:00 0 
148b03900000-148b03a00000 rw-p 00000000 00:00 0 
148b03a00000-148b03f00000 rw-p 00000000 00:00 0 
148b03f00000-148b03fb0000 rw-p 00000000 00:00 0 
148b03fb0000-148b04000000 ---p 00000000 00:00 0 
148b04000000-148b040e0000 rw-p 00000000 00:00 0 
148b040e0000-148b07000000 ---p 00000000 00:00 0 
148b07000000-148b07bf8000 rw-p 00001000 00:3a 11150275545                /software/treeoflife/custom-installs/bin/nextflow/26.04.3-12259/zulu17.58.21-ca-jdk17.0.15-linux_x64/lib/server/classes.jsa
148b07bf8000-148b08000000 ---p 00000000 00:00 0 
148b08000000-148b08040000 rw-p 00000000 00:00 0 
148b08040000-148b080c0000 rw-p 00000000 00:00 0 
148b080c0000-148b08100000 rw-p 00000000 00:00 0 
148b08100000-148b081f0000 rw-p 00000000 00:00 0 
148b081f0000-148b08200000 ---p 00000000 00:00 0 
148b08200000-148b08260000 rw-p 00000000 00:00 0 
148b08260000-148b48000000 ---p 00000000 00:00 0 
148b48000000-148b48021000 rw-p 00000000 00:00 0 
148b48021000-148b4c000000 ---p 00000000 00:00 0 
148b4c000000-148b4c021000 rw-p 00000000 00:00 0 
148b4c021000-148b50000000 ---p 00000000 00:00 0 
148b50000000-148b50021000 rw-p 00000000 00:00 0 
148b50021000-148b54000000 ---p 00000000 00:00 0 
148b54000000-148b54021000 rw-p 00000000 00:00 0 
148b54021000-148b58000000 ---p 00000000 00:00 0 
148b58000000-148b58021000 rw-p 00000000 00:00 0 
148b58021000-148b5c000000 ---p 00000000 00:00 0 
148b5c01a000-148b5c01e000 ---p 00000000 00:00 0 
148b5c01e000-148b5c03c000 rw-p 00000000 00:00 0 
148b5c03c000-148b5c049000 r-xp 00000000 00:3a 11149633030                /software/treeoflife/custom-installs/bin/nextflow/26.04.3-12259/zulu17.58.21-ca-jdk17.0.15-linux_x64/lib/libverify.so
148b5c049000-148b5c04b000 r--p 0000c000 00:3a 11149633030                /software/treeoflife/custom-installs/bin/nextflow/26.04.3-12259/zulu17.58.21-ca-jdk17.0.15-linux_x64/lib/libverify.so
148b5c04b000-148b5c04c000 rw-p 0000e000 00:3a 11149633030                /software/treeoflife/custom-installs/bin/nextflow/26.04.3-12259/zulu17.58.21-ca-jdk17.0.15-linux_x64/lib/libverify.so
148b5c04c000-148b5c050000 ---p 00000000 00:00 0 
148b5c050000-148b5c14c000 rw-p 00000000 00:00 0 
148b5c14c000-148b5c150000 ---p 00000000 00:00 0 
148b5c150000-148b5c24c000 rw-p 00000000 00:00 0 
148b5c24c000-148b5c250000 ---p 00000000 00:00 0 
148b5c250000-148b5c34c000 rw-p 00000000 00:00 0 
148b5c34c000-148b5c350000 ---p 00000000 00:00 0 
148b5c350000-148b5c44c000 rw-p 00000000 00:00 0 
148b5c44c000-148b5c450000 ---p 00000000 00:00 0 
148b5c450000-148b5c54c000 rw-p 00000000 00:00 0 
148b5c54c000-148b5c550000 ---p 00000000 00:00 0 
148b5c550000-148b5c64c000 rw-p 00000000 00:00 0 
148b5c64c000-148b5c650000 ---p 00000000 00:00 0 
148b5c650000-148b5c74c000 rw-p 00000000 00:00 0 
148b5c74c000-148b5c74d000 ---p 00000000 00:00 0 
148b5c74d000-148b5c84d000 rw-p 00000000 00:00 0 
148b5c84d000-148b5c91b000 r-xp 00000000 00:3a 11150275544                /software/treeoflife/custom-installs/bin/nextflow/26.04.3-12259/zulu17.58.21-ca-jdk17.0.15-linux_x64/lib/libjsvml.so
148b5c91b000-148b5c91c000 r--p 000cd000 00:3a 11150275544                /software/treeoflife/custom-installs/bin/nextflow/26.04.3-12259/zulu17.58.21-ca-jdk17.0.15-linux_x64/lib/libjsvml.so
148b5c91c000-148b5c91d000 rw-p 000ce000 00:3a 11150275544                /software/treeoflife/custom-installs/bin/nextflow/26.04.3-12259/zulu17.58.21-ca-jdk17.0.15-linux_x64/lib/libjsvml.so
148b5c91d000-148b5c9f9000 rw-p 00000000 00:00 0 
148b5c9f9000-148b5c9fa000 ---p 00000000 00:00 0 
148b5c9fa000-148b60afa000 rw-p 00000000 00:00 0 
148b60afa000-148b68aba000 ---p 00000000 00:00 0 
148b68aba000-148b6aafa000 rw-p 00000000 00:00 0 
148b6aafa000-148b72aba000 ---p 00000000 00:00 0 
148b72aba000-148b72efa000 rw-p 00000000 00:00 0 
148b72efa000-148b73ef2000 ---p 00000000 00:00 0 
148b73ef2000-148b742fa000 rw-p 00000000 00:00 0 
148b742fa000-148b752f2000 ---p 00000000 00:00 0 
148b752f2000-148b752fa000 rw-p 00000000 00:00 0 
148b752fa000-148b75b0a000 rwxp 00000000 00:00 0 
148b75b0a000-148b7c759000 ---p 00000000 00:00 0 
148b7c759000-148b7cac9000 rwxp 00000000 00:00 0 
148b7cac9000-148b7ce9a000 ---p 00000000 00:00 0 
148b7ce9a000-148b7d11a000 rwxp 00000000 00:00 0 
148b7d11a000-148b842fa000 ---p 00000000 00:00 0 
148b842fa000-148b8c000000 r--s 00000000 00:3a 11149633025                /software/treeoflife/custom-installs/bin/nextflow/26.04.3-12259/zulu17.58.21-ca-jdk17.0.15-linux_x64/lib/modules
148b8c000000-148b8cb12000 rw-p 00000000 00:00 0 
148b8cb12000-148b90000000 ---p 00000000 00:00 0 
148b90003000-148b90044000 rw-p 00000000 00:00 0 
148b90049000-148b90050000 r--s 00000000 fd:00 6973318                    /usr/lib/x86_64-linux-gnu/gconv/gconv-modules.cache
148b90050000-148b90065000 r-xp 00000000 00:3a 11154524244                /software/treeoflife/custom-installs/bin/nextflow/26.04.3-12259/zulu17.58.21-ca-jdk17.0.15-linux_x64/lib/libnet.so
148b90065000-148b90066000 r--p 00014000 00:3a 11154524244                /software/treeoflife/custom-installs/bin/nextflow/26.04.3-12259/zulu17.58.21-ca-jdk17.0.15-linux_x64/lib/libnet.so
148b90066000-148b90067000 rw-p 00015000 00:3a 11154524244                /software/treeoflife/custom-installs/bin/nextflow/26.04.3-12259/zulu17.58.21-ca-jdk17.0.15-linux_x64/lib/libnet.so
148b90067000-148b9007a000 r-xp 00000000 00:3a 11147976147                /software/treeoflife/custom-installs/bin/nextflow/26.04.3-12259/zulu17.58.21-ca-jdk17.0.15-linux_x64/lib/libnio.so
148b9007a000-148b9007b000 r--p 00012000 00:3a 11147976147                /software/treeoflife/custom-installs/bin/nextflow/26.04.3-12259/zulu17.58.21-ca-jdk17.0.15-linux_x64/lib/libnio.so
148b9007b000-148b9007c000 rw-p 00013000 00:3a 11147976147                /software/treeoflife/custom-installs/bin/nextflow/26.04.3-12259/zulu17.58.21-ca-jdk17.0.15-linux_x64/lib/libnio.so
148b9007c000-148b9007d000 ---p 00000000 00:00 0 
148b9007d000-148b90e8a000 rw-p 00000000 00:00 0 
148b90e8a000-148b90e8b000 ---p 00000000 00:00 0 
148b90e8b000-148b90f8b000 rw-p 00000000 00:00 0 
148b90f8b000-148b90f8c000 ---p 00000000 00:00 0 
148b90f8c000-148b9108c000 rw-p 00000000 00:00 0 
148b9108c000-148b9108d000 ---p 00000000 00:00 0 
148b9108d000-148b91608000 rw-p 00000000 00:00 0 
148b91608000-148b92600000 ---p 00000000 00:00 0 
148b92600000-148b9336b000 rw-p 00000000 00:00 0 
148b9336b000-148b9344f000 ---p 00000000 00:00 0 
148b9344f000-148b93460000 rw-p 00000000 00:00 0 
148b93460000-148b93538000 ---p 00000000 00:00 0 
148b93538000-148b9353f000 rw-p 00000000 00:00 0 
148b9353f000-148b93547000 ---p 00000000 00:00 0 
148b93547000-148b9356b000 r-xp 00000000 00:3a 11158243923                /software/treeoflife/custom-installs/bin/nextflow/26.04.3-12259/zulu17.58.21-ca-jdk17.0.15-linux_x64/lib/libjava.so
148b9356b000-148b9356c000 ---p 00024000 00:3a 11158243923                /software/treeoflife/custom-installs/bin/nextflow/26.04.3-12259/zulu17.58.21-ca-jdk17.0.15-linux_x64/lib/libjava.so
148b9356c000-148b9356d000 r--p 00024000 00:3a 11158243923                /software/treeoflife/custom-installs/bin/nextflow/26.04.3-12259/zulu17.58.21-ca-jdk17.0.15-linux_x64/lib/libjava.so
148b9356d000-148b9356e000 rw-p 00025000 00:3a 11158243923                /software/treeoflife/custom-installs/bin/nextflow/26.04.3-12259/zulu17.58.21-ca-jdk17.0.15-linux_x64/lib/libjava.so
148b9356e000-148b9356f000 rw-p 00000000 00:00 0 
148b9356f000-148b93e43000 r--s 00000000 fd:02 795940                     /var/lib/sss/mc/passwd
148b93e43000-148b93e45000 r--p 00000000 fd:00 6947449                    /usr/lib/x86_64-linux-gnu/libnss_sss.so.2
148b93e45000-148b93e4c000 r-xp 00002000 fd:00 6947449                    /usr/lib/x86_64-linux-gnu/libnss_sss.so.2
148b93e4c000-148b93e4e000 r--p 00009000 fd:00 6947449                    /usr/lib/x86_64-linux-gnu/libnss_sss.so.2
148b93e4e000-148b93e4f000 r--p 0000a000 fd:00 6947449                    /usr/lib/x86_64-linux-gnu/libnss_sss.so.2
148b93e4f000-148b93e50000 rw-p 0000b000 fd:00 6947449                    /usr/lib/x86_64-linux-gnu/libnss_sss.so.2
148b93e53000-148b93e5a000 r-xp 00000000 00:3a 11155489423                /software/treeoflife/custom-installs/bin/nextflow/26.04.3-12259/zulu17.58.21-ca-jdk17.0.15-linux_x64/lib/libzip.so
148b93e5a000-148b93e5b000 ---p 00007000 00:3a 11155489423                /software/treeoflife/custom-installs/bin/nextflow/26.04.3-12259/zulu17.58.21-ca-jdk17.0.15-linux_x64/lib/libzip.so
148b93e5b000-148b93e5c000 r--p 00007000 00:3a 11155489423                /software/treeoflife/custom-installs/bin/nextflow/26.04.3-12259/zulu17.58.21-ca-jdk17.0.15-linux_x64/lib/libzip.so
148b93e5c000-148b93e5d000 rw-p 00008000 00:3a 11155489423                /software/treeoflife/custom-installs/bin/nextflow/26.04.3-12259/zulu17.58.21-ca-jdk17.0.15-linux_x64/lib/libzip.so
148b93e5d000-148b93e65000 rw-s 00000000 fd:03 39714818                   /tmp/hsperfdata_jd42/309686
148b93e65000-148b93e80000 r-xp 00000000 00:3a 11152953041                /software/treeoflife/custom-installs/bin/nextflow/26.04.3-12259/zulu17.58.21-ca-jdk17.0.15-linux_x64/lib/libjimage.so
148b93e80000-148b93e82000 r--p 0001a000 00:3a 11152953041                /software/treeoflife/custom-installs/bin/nextflow/26.04.3-12259/zulu17.58.21-ca-jdk17.0.15-linux_x64/lib/libjimage.so
148b93e82000-148b93e83000 rw-p 0001c000 00:3a 11152953041                /software/treeoflife/custom-installs/bin/nextflow/26.04.3-12259/zulu17.58.21-ca-jdk17.0.15-linux_x64/lib/libjimage.so
148b93e83000-148b93e87000 ---p 00000000 00:00 0 
148b93e87000-148b93f83000 rw-p 00000000 00:00 0 
148b93f83000-148b93f91000 r--p 00000000 fd:00 6956380                    /usr/lib/x86_64-linux-gnu/libm.so.6
148b93f91000-148b9400d000 r-xp 0000e000 fd:00 6956380                    /usr/lib/x86_64-linux-gnu/libm.so.6
148b9400d000-148b94068000 r--p 0008a000 fd:00 6956380                    /usr/lib/x86_64-linux-gnu/libm.so.6
148b94068000-148b94069000 r--p 000e4000 fd:00 6956380                    /usr/lib/x86_64-linux-gnu/libm.so.6
148b94069000-148b9406a000 rw-p 000e5000 fd:00 6956380                    /usr/lib/x86_64-linux-gnu/libm.so.6
148b9406a000-148b9406b000 r--p 00000000 fd:00 6958697                    /usr/lib/x86_64-linux-gnu/librt.so.1
148b9406b000-148b9406c000 r-xp 00001000 fd:00 6958697                    /usr/lib/x86_64-linux-gnu/librt.so.1
148b9406c000-148b9406d000 r--p 00002000 fd:00 6958697                    /usr/lib/x86_64-linux-gnu/librt.so.1
148b9406d000-148b9406e000 r--p 00002000 fd:00 6958697                    /usr/lib/x86_64-linux-gnu/librt.so.1
148b9406e000-148b9406f000 rw-p 00003000 fd:00 6958697                    /usr/lib/x86_64-linux-gnu/librt.so.1
148b9406f000-148b95288000 r-xp 00000000 00:3a 11146538353                /software/treeoflife/custom-installs/bin/nextflow/26.04.3-12259/zulu17.58.21-ca-jdk17.0.15-linux_x64/lib/server/libjvm.so
148b95288000-148b95289000 ---p 01219000 00:3a 11146538353                /software/treeoflife/custom-installs/bin/nextflow/26.04.3-12259/zulu17.58.21-ca-jdk17.0.15-linux_x64/lib/server/libjvm.so
148b95289000-148b95342000 r--p 01219000 00:3a 11146538353                /software/treeoflife/custom-installs/bin/nextflow/26.04.3-12259/zulu17.58.21-ca-jdk17.0.15-linux_x64/lib/server/libjvm.so
148b95342000-148b95377000 rw-p 012d2000 00:3a 11146538353                /software/treeoflife/custom-installs/bin/nextflow/26.04.3-12259/zulu17.58.21-ca-jdk17.0.15-linux_x64/lib/server/libjvm.so
148b95377000-148b953d5000 rw-p 00000000 00:00 0 
148b953d5000-148b953fd000 r--p 00000000 fd:00 6951580                    /usr/lib/x86_64-linux-gnu/libc.so.6
148b953fd000-148b95592000 r-xp 00028000 fd:00 6951580                    /usr/lib/x86_64-linux-gnu/libc.so.6
148b95592000-148b955ea000 r--p 001bd000 fd:00 6951580                    /usr/lib/x86_64-linux-gnu/libc.so.6
148b955ea000-148b955eb000 ---p 00215000 fd:00 6951580                    /usr/lib/x86_64-linux-gnu/libc.so.6
148b955eb000-148b955ef000 r--p 00215000 fd:00 6951580                    /usr/lib/x86_64-linux-gnu/libc.so.6
148b955ef000-148b955f1000 rw-p 00219000 fd:00 6951580                    /usr/lib/x86_64-linux-gnu/libc.so.6
148b955f1000-148b95600000 rw-p 00000000 00:00 0 
148b95600000-148b95601000 r--p 00000000 fd:00 6952251                    /usr/lib/x86_64-linux-gnu/libdl.so.2
148b95601000-148b95602000 r-xp 00001000 fd:00 6952251                    /usr/lib/x86_64-linux-gnu/libdl.so.2
148b95602000-148b95603000 r--p 00002000 fd:00 6952251                    /usr/lib/x86_64-linux-gnu/libdl.so.2
148b95603000-148b95604000 r--p 00002000 fd:00 6952251                    /usr/lib/x86_64-linux-gnu/libdl.so.2
148b95604000-148b95605000 rw-p 00003000 fd:00 6952251                    /usr/lib/x86_64-linux-gnu/libdl.so.2
148b95605000-148b95606000 r--p 00000000 fd:00 6958695                    /usr/lib/x86_64-linux-gnu/libpthread.so.0
148b95606000-148b95607000 r-xp 00001000 fd:00 6958695                    /usr/lib/x86_64-linux-gnu/libpthread.so.0
148b95607000-148b95608000 r--p 00002000 fd:00 6958695                    /usr/lib/x86_64-linux-gnu/libpthread.so.0
148b95608000-148b95609000 r--p 00002000 fd:00 6958695                    /usr/lib/x86_64-linux-gnu/libpthread.so.0
148b95609000-148b9560a000 rw-p 00003000 fd:00 6958695                    /usr/lib/x86_64-linux-gnu/libpthread.so.0
148b9560a000-148b95619000 r-xp 00000000 00:3a 11154959815                /software/treeoflife/custom-installs/bin/nextflow/26.04.3-12259/zulu17.58.21-ca-jdk17.0.15-linux_x64/lib/libjli.so
148b95619000-148b9561a000 ---p 0000f000 00:3a 11154959815                /software/treeoflife/custom-installs/bin/nextflow/26.04.3-12259/zulu17.58.21-ca-jdk17.0.15-linux_x64/lib/libjli.so
148b9561a000-148b9561b000 r--p 0000f000 00:3a 11154959815                /software/treeoflife/custom-installs/bin/nextflow/26.04.3-12259/zulu17.58.21-ca-jdk17.0.15-linux_x64/lib/libjli.so
148b9561b000-148b9561c000 rw-p 00010000 00:3a 11154959815                /software/treeoflife/custom-installs/bin/nextflow/26.04.3-12259/zulu17.58.21-ca-jdk17.0.15-linux_x64/lib/libjli.so
148b9561c000-148b9561e000 r--p 00000000 fd:00 6947092                    /usr/lib/x86_64-linux-gnu/libz.so.1.2.11
148b9561e000-148b9562f000 r-xp 00002000 fd:00 6947092                    /usr/lib/x86_64-linux-gnu/libz.so.1.2.11
148b9562f000-148b95635000 r--p 00013000 fd:00 6947092                    /usr/lib/x86_64-linux-gnu/libz.so.1.2.11
148b95635000-148b95636000 ---p 00019000 fd:00 6947092                    /usr/lib/x86_64-linux-gnu/libz.so.1.2.11
148b95636000-148b95637000 r--p 00019000 fd:00 6947092                    /usr/lib/x86_64-linux-gnu/libz.so.1.2.11
148b95637000-148b95638000 rw-p 0001a000 fd:00 6947092                    /usr/lib/x86_64-linux-gnu/libz.so.1.2.11
148b9563e000-148b9563f000 r--p 00000000 fd:00 7114853                    /usr/share/locale-langpack/en_GB/LC_MESSAGES/libc.mo
148b9563f000-148b95641000 r--p 00000000 fd:00 6958690                    /usr/lib/x86_64-linux-gnu/libnss_compat.so.2
148b95641000-148b95648000 r-xp 00002000 fd:00 6958690                    /usr/lib/x86_64-linux-gnu/libnss_compat.so.2
148b95648000-148b95649000 r--p 00009000 fd:00 6958690                    /usr/lib/x86_64-linux-gnu/libnss_compat.so.2
148b95649000-148b9564a000 r--p 00009000 fd:00 6958690                    /usr/lib/x86_64-linux-gnu/libnss_compat.so.2
148b9564a000-148b9564b000 rw-p 0000a000 fd:00 6958690                    /usr/lib/x86_64-linux-gnu/libnss_compat.so.2
148b9564b000-148b9564c000 ---p 00000000 00:00 0 
148b9564c000-148b9564d000 r--p 00000000 00:00 0 
148b9564d000-148b9564f000 rw-p 00000000 00:00 0 
148b9564f000-148b95651000 r--p 00000000 fd:00 6947306                    /usr/lib/x86_64-linux-gnu/ld-linux-x86-64.so.2
148b95651000-148b9567b000 r-xp 00002000 fd:00 6947306                    /usr/lib/x86_64-linux-gnu/ld-linux-x86-64.so.2
148b9567b000-148b95686000 r--p 0002c000 fd:00 6947306                    /usr/lib/x86_64-linux-gnu/ld-linux-x86-64.so.2
148b95686000-148b95687000 ---p 00000000 00:00 0 
148b95687000-148b95689000 r--p 00037000 fd:00 6947306                    /usr/lib/x86_64-linux-gnu/ld-linux-x86-64.so.2
148b95689000-148b9568b000 rw-p 00039000 fd:00 6947306                    /usr/lib/x86_64-linux-gnu/ld-linux-x86-64.so.2
55b47341a000-55b47341b000 r-xp 00000000 00:3a 11150461485                /software/treeoflife/custom-installs/bin/nextflow/26.04.3-12259/zulu17.58.21-ca-jdk17.0.15-linux_x64/bin/java
55b47341c000-55b47341d000 r--p 00001000 00:3a 11150461485                /software/treeoflife/custom-installs/bin/nextflow/26.04.3-12259/zulu17.58.21-ca-jdk17.0.15-linux_x64/bin/java
55b47341d000-55b47341e000 rw-p 00002000 00:3a 11150461485                /software/treeoflife/custom-installs/bin/nextflow/26.04.3-12259/zulu17.58.21-ca-jdk17.0.15-linux_x64/bin/java
55b47c80f000-55b47c9b7000 rw-p 00000000 00:00 0                          [heap]
7ffd7d850000-7ffd7d87f000 rw-p 00000000 00:00 0                          [stack]
7ffd7d9eb000-7ffd7d9ef000 r--p 00000000 00:00 0                          [vvar]
7ffd7d9ef000-7ffd7d9f1000 r-xp 00000000 00:00 0                          [vdso]
ffffffffff600000-ffffffffff601000 --xp 00000000 00:00 0                  [vsyscall]


VM Arguments:
jvm_args: -Xmx10G 
java_command: /software/conda/users/jd42/nextflow/share/nf-test-0.9.5-0/nf-test.jar test tests/default.nf.test --profile=+singularity --verbose --update-snapshot
java_class_path (initial): /software/conda/users/jd42/nextflow/share/nf-test-0.9.5-0/nf-test.jar
Launcher Type: SUN_STANDARD

[Global flags]
     intx CICompilerCount                          = 12                                        {product} {ergonomic}
     uint ConcGCThreads                            = 3                                         {product} {ergonomic}
     uint G1ConcRefinementThreads                  = 13                                        {product} {ergonomic}
   size_t G1HeapRegionSize                         = 8388608                                   {product} {ergonomic}
    uintx GCDrainStackTargetSize                   = 64                                        {product} {ergonomic}
   size_t InitialHeapSize                          = 2147483648                                {product} {ergonomic}
   size_t MarkStackSize                            = 4194304                                   {product} {ergonomic}
   size_t MaxHeapSize                              = 10737418240                               {product} {command line}
   size_t MaxNewSize                               = 6442450944                                {product} {ergonomic}
   size_t MinHeapDeltaBytes                        = 8388608                                   {product} {ergonomic}
   size_t MinHeapSize                              = 8388608                                   {product} {ergonomic}
    uintx NonNMethodCodeHeapSize                   = 7602480                                {pd product} {ergonomic}
    uintx NonProfiledCodeHeapSize                  = 122027880                              {pd product} {ergonomic}
    uintx ProfiledCodeHeapSize                     = 122027880                              {pd product} {ergonomic}
    uintx ReservedCodeCacheSize                    = 251658240                              {pd product} {ergonomic}
     bool SegmentedCodeCache                       = true                                      {product} {ergonomic}
   size_t SoftMaxHeapSize                          = 10737418240                            {manageable} {ergonomic}
     bool UseCompressedClassPointers               = true                           {product lp64_product} {ergonomic}
     bool UseCompressedOops                        = true                           {product lp64_product} {ergonomic}
     bool UseG1GC                                  = true                                      {product} {ergonomic}

Logging:
Log output configuration:
 #0: stdout all=warning uptime,level,tags
 #1: stderr all=off uptime,level,tags

Environment Variables:
PATH=/software/conda/users/jd42/nextflow/bin:/nfs/users/nfs_j/jd42/.local/bin:/nfs/users/nfs_j/jd42/.cargo/bin:/software/team311/jd42/bin:/software/tola/installs/tol-workflows/vr-runner:/software/tola/installs/perl5/perlbrew/perls/perl-5.32.0/bin:/software/lsf-tol22/10.1/linux3.10-glibc2.17-x86_64/bin:/nfs/users/nfs_j/jd42/.local/bin:/nfs/users/nfs_j/jd42/.cargo/bin:/software/team311/jd42/bin:/software/tola/installs/tol-workflows/vr-runner:/software/tola/installs/perl5/perlbrew/perls/perl-5.32.0/bin:/software/team311/we3/installs/tola-production/0.7.1/bin:/software/treeoflife/shpc/0.1.26/wrapper/quay.io/sanger-tol/fastk/1.2-c1/bin:/software/treeoflife/shpc/0.1.26/wrapper/quay.io/biocontainers/pretextsnapshot/0.0.6--hd63eeec_0/bin:/software/treeoflife/shpc/0.1.26/wrapper/quay.io/biocontainers/pretextmap/0.2.4--hd63eeec_0/bin:/software/isg/languages/gawk/5.3.2/bin:/software/treeoflife/shpc/0.1.26/wrapper/quay.io/biocontainers/seqkit/2.10.0--h9ee0642_0/bin:/software/badger/module-builds/samtools/1.24/bin:/software/badger/module-builds/htslib/1.24/bin:/software/treeoflife/custom-installs/bin/speciesops/0.6.4:/software/treeoflife/custom-installs/bin/nextflow/26.04.3-12259/nextflow:/software/spack_environments/default/00/opt/spack/linux-ubuntu22.04-x86_64_v3/gcc-13.1.0/singularityce-4.1.0-wmywvbn7r2vl5opbrcibxvtcjxhtwojh/bin:/software/spack_environments/default/00/opt/spack/linux-ubuntu22.04-x86_64_v3/gcc-13.1.0/libfuse-3.16.2-bv66wskfbowhdvl4epthpryxybqr5lfs/bin:/nfs/users/nfs_j/jd42/.local/bin:/nfs/users/nfs_j/jd42/.local/bin:/nfs/users/nfs_j/jd42:/software/team311/jd42/bin:/software/tola/installs/tol-workflows/vr-runner:/software/tola/installs/perl5/perlbrew/bin:/usr/lib/oracle/19.6/client64/bin:/software/lsf-tol22/10.1/linux3.10-glibc2.17-x86_64/etc:/nfs/users/nfs_j/jd42/.local/bin:/nfs/users/nfs_j/jd42/.cargo/bin:/nfs/users/nfs_j/jd42/.local/bin:/software/team311/jd42/uv:/nfs/users/nfs_j/jd42:/software/team311/jd42/bin:/software/cellgen/cellgeni/nextflow/24.10.4:/software/conda/miniforge/condabin:/software/isg/scripts/conda:/software/spack_environments/default/00/opt/spack/linux-ubuntu22.04-x86_64_v3/gcc-13.1.0/cryptsetup-2.3.5-upbw4n4h4w32gcrtmrcgdpl2mq5edkwu/sbin:/software/spack_environments/default/00/opt/spack/linux-ubuntu22.04-x86_64_v3/gcc-13.1.0/singularityce-3.11.5-7tuid3upy5ycy7p72vzybzqulnu6xwc5/bin:/software/spack_environments/default/00/opt/spack/linux-ubuntu22.04-x86_64_v3/gcc-13.1.0/squashfs-4.6.1-itecc4egbbsr7jkezogrcxmjbopxn6uf/bin:/software/spack_environments/default/00/opt/spack/linux-ubuntu22.04-x86_64_v3/gcc-13.1.0/shadow-4.13-ensmdz4txvdqn7hrrb55ng6hntcx7o5j/bin:/software/spack_environments/default/00/opt/spack/linux-ubuntu22.04-x86_64_v3/gcc-13.1.0/libgpg-error-1.47-7dqcbi5usvm24hobw64jgasyniojxxqc/bin:/software/spack_environments/default/00/opt/spack/linux-ubuntu22.04-x86_64_v3/gcc-13.1.0/go-1.21.3-ajxsxmdz6xlxousftu2pqhfxm74rdzpf/bin:/software/spack_environments/default/00/opt/spack/linux-ubuntu22.04-x86_64_v3/gcc-13.1.0/git-2.42.0-d74t4uspxrctldowbi5yxeoripdu6jd3/bin:/software/spack_environments/default/00/opt/spack/linux-ubuntu22.04-x86_64_v3/gcc-13.1.0/openssh-9.5p1-prc23f7yyacqf3b3x2db65x2drddkfsb/bin:/software/spack_environments/default/00/opt/spack/linux-ubuntu22.04-x86_64_v3/gcc-13.1.0/krb5-1.20.1-6ppe3zycfmrgbuw2obvk7la3iiasa2sf/bin:/software/spack_environments/default/00/opt/spack/linux-ubuntu22.04-x86_64_v3/gcc-13.1.0/curl-8.4.0-a5wxpzdj63tghmoecfumoo46cmhenifh/bin:/software/spack_environments/default/00/opt/spack/linux-ubuntu22.04-x86_64_v3/gcc-13.1.0/nghttp2-1.57.0-zfcdx6jf7fmuvuamoeue4xwqwnjd6qdt/bin:/software/spack_environments/default/00/opt/spack/linux-ubuntu22.04-x86_64_v3/gcc-13.1.0/libidn2-2.3.4-tz44ozqmrma6svtsjipvsnf6bnvqxhgm/bin:/software/spack_environments/default/00/opt/spack/linux-ubuntu22.04-x86_64_v3/gcc-13.1.0/util-linux-2.39.1-45odn4gqszqdqn7j5czrkou46sciiyuz/bin:/software/spack_environments/default/00/opt/spack/linux-ubuntu22.04-x86_64_v3/gcc-13.1.0/conmon-2.1.7-u2z4sr4lhsc7j4xzc6ouklwynbhme65e/bin:/software/spack_environments/default/00/opt/spack/linux-ubuntu22.04-x86_64_v3/gcc-13.1.0/libseccomp-2.5.4-sdy3lsuia3cqgv6l7ygpty4rnztgm4a5/bin:/software/spack_environments/default/00/opt/spack/linux-ubuntu22.04-x86_64_v3/gcc-13.1.0/glib-2.78.0-ocd4hb2rwwfi45tpwl35ncqz2y3k3tbr/bin:/software/spack_environments/default/00/opt/spack/linux-ubuntu22.04-x86_64_v3/gcc-13.1.0/python-3.11.6-2rsp5vjoxgxf7xsmoaocvxegzzwk27vn/bin:/software/spack_environments/default/00/opt/spack/linux-ubuntu22.04-x86_64_v3/gcc-13.1.0/util-linux-uuid-2.38.1-cfg5vly5q7hxflv22yqr66tqtkrkslsr/bin:/software/spack_environments/default/00/opt/spack/linux-ubuntu22.04-x86_64_v3/gcc-13.1.0/sqlite-3.43.2-myznosgiz3yd6vvbg3w6t664sjjlqfy7/bin:/software/spack_environments/default/00/opt/spack/linux-ubuntu22.04-x86_64_v3/gcc-13.1.0/openssl-3.1.3-bujcesd7lndbbxht6k5f3vedrimxynv3/bin:/software/spack_environments/default/00/opt/spack/linux-ubuntu22.04-x86_64_v3/gcc-13.1.0/expat-2.5.0-xqykpy5ua4ybofracgkxo2c43udbnkgr/bin:/software/spack_environments/default/00/opt/spack/linux-ubuntu22.04-x86_64_v3/gcc-13.1.0/perl-5.38.0-d6wa47obduh7vgeuf57qtqv7veqtwnxs/bin:/software/spack_environments/default/00/opt/spack/linux-ubuntu22.04-x86_64_v3/gcc-13.1.0/gdbm-1.23-vne54vdb2mhje642g6mu5rn43mu2qgl3/bin:/software/spack_environments/default/00/opt/spack/linux-ubuntu22.04-x86_64_v3/gcc-13.1.0/readline-8.2-4mkszdt4axhewfzidgknxlyyk4cjypmt/bin:/software/spack_environments/default/00/opt/spack/linux-ubuntu22.04-x86_64_v3/gcc-13.1.0/berkeley-db-18.1.40-6kzf3ekqhuk4cauv55g2impj5aklrw4r/bin:/software/spack_environments/default/00/opt/spack/linux-ubuntu22.04-x86_64_v3/gcc-13.1.0/pcre2-10.42-aile5dixy6wochxcp55oddugemkqm4b7/bin:/software/spack_environments/default/00/opt/spack/linux-ubuntu22.04-x86_64_v3/gcc-13.1.0/elfutils-0.189-ova3whvop7b7at7vlfz3y66u6ukuwrcd/bin:/software/spack_environments/default/00/opt/spack/linux-ubuntu22.04-x86_64_v3/gcc-13.1.0/pkgconf-1.9.5-oncjjtdzeq7vqyd2rk6euhwkpvfv5o63/bin:/software/spack_environments/default/00/opt/spack/linux-ubuntu22.04-x86_64_v3/gcc-13.1.0/gettext-0.22.3-dwvyslbblniv7fffh2tacm7z4unnnheq/bin:/software/spack_environments/default/00/opt/spack/linux-ubuntu22.04-x86_64_v3/gcc-13.1.0/tar-1.34-cu4lwvlzxbhgwynkxwd2sz4vya75lthb/bin:/software/spack_environments/default/00/opt/spack/linux-ubuntu22.04-x86_64_v3/gcc-13.1.0/zstd-1.5.5-giajr2lupgllmcvpaqeuwzu64467kl6u/bin:/software/spack_environments/default/00/opt/spack/linux-ubuntu22.04-x86_64_v3/gcc-13.1.0/pigz-2.7-i7bdayvdtswltrirspwm3u3tr432lveo/bin:/software/spack_environments/default/00/opt/spack/linux-ubuntu22.04-x86_64_v3/gcc-13.1.0/ncurses-6.4-fdyk2sckij3lfrjmapx44hzt2y6wtfeo/bin:/software/spack_environments/default/00/opt/spack/linux-ubuntu22.04-x86_64_v3/gcc-13.1.0/libxml2-2.10.3-mocs7x4ak6h2apynziun7hfbvzufivr4/bin:/software/spack_environments/default/00/opt/spack/linux-ubuntu22.04-x86_64_v3/gcc-13.1.0/xz-5.4.1-kznekhie2pomsg733bl6ju6rzfmwx6ju/bin:/software/spack_environments/default/00/opt/spack/linux-ubuntu22.04-x86_64_v3/gcc-13.1.0/libiconv-1.17-ra3jdfvcbxwsmeyowtgg5ya6s6qytx7k/bin:/software/spack_environments/default/00/opt/spack/linux-ubuntu22.04-x86_64_v3/gcc-13.1.0/bzip2-1.0.8-cwc4wbhejdajuihksvg4tie27immse7i/bin:/software/tola/installs/tol-workflows/vr-runner:/software/spack_environments/groups/team311/00/bin:/usr/lib/oracle/19.6/client64/bin:/usr/local/sbin:/usr/local/bin:/usr/sbin:/usr/bin:/sbin:/bin:/usr/games:/usr/local/games:/snap/bin:/bin:/software/bin:/bin:/software/bin
LD_LIBRARY_PATH=/software/lsf-tol22/10.1/linux3.10-glibc2.17-x86_64/lib:/usr/lib/oracle/19.6/client64/lib
SHELL=/bin/bash
HOSTTYPE=X86_64
LANG=en_GB.utf8
LC_CTYPE=en_GB.utf8
TERM=xterm-256color

Active Locale:
LC_ALL=en_GB.utf8
LC_COLLATE=en_GB.utf8
LC_CTYPE=en_GB.utf8
LC_MESSAGES=en_GB.utf8
LC_MONETARY=en_GB.utf8
LC_NUMERIC=en_GB.utf8
LC_TIME=en_GB.utf8

Signal Handlers:
   SIGSEGV: crash_handler in libjvm.so, mask=11100100010111111101111111111110, flags=SA_RESTART|SA_SIGINFO, unblocked
    SIGBUS: crash_handler in libjvm.so, mask=11100100010111111101111111111110, flags=SA_RESTART|SA_SIGINFO, unblocked
    SIGFPE: crash_handler in libjvm.so, mask=11100100010111111101111111111110, flags=SA_RESTART|SA_SIGINFO, unblocked
   SIGPIPE: javaSignalHandler in libjvm.so, mask=11100100010111111101111111111110, flags=SA_RESTART|SA_SIGINFO, blocked
   SIGXFSZ: javaSignalHandler in libjvm.so, mask=11100100010111111101111111111110, flags=SA_RESTART|SA_SIGINFO, blocked
    SIGILL: crash_handler in libjvm.so, mask=11100100010111111101111111111110, flags=SA_RESTART|SA_SIGINFO, unblocked
   SIGUSR2: SR_handler in libjvm.so, mask=00000000000000000000000000000000, flags=SA_RESTART|SA_SIGINFO, blocked
    SIGHUP: SIG_IGN, mask=00000000000000000000000000000000, flags=none, blocked
    SIGINT: UserHandler in libjvm.so, mask=11100100010111111101111111111110, flags=SA_RESTART|SA_SIGINFO, blocked
   SIGTERM: UserHandler in libjvm.so, mask=11100100010111111101111111111110, flags=SA_RESTART|SA_SIGINFO, blocked
   SIGQUIT: UserHandler in libjvm.so, mask=11100100010111111101111111111110, flags=SA_RESTART|SA_SIGINFO, blocked
   SIGTRAP: crash_handler in libjvm.so, mask=11100100010111111101111111111110, flags=SA_RESTART|SA_SIGINFO, unblocked


Periodic native trim disabled


---------------  S Y S T E M  ---------------

OS:
DISTRIB_ID=Ubuntu
DISTRIB_RELEASE=22.04
DISTRIB_CODENAME=jammy
DISTRIB_DESCRIPTION="Ubuntu 22.04.5 LTS"
uname: Linux 5.15.0-177-generic #187-Ubuntu SMP Sat Apr 11 22:54:33 UTC 2026 x86_64
OS uptime: 142 days 5:28 hours
libc: glibc 2.35 NPTL 2.35 
rlimit (soft/hard): STACK infinity/infinity , CORE 0k/0k , NPROC 1541751/1541751 , NOFILE 131072/131072 , AS infinity/infinity , CPU infinity/infinity , DATA infinity/infinity , FSIZE infinity/infinity , MEMLOCK 64k/64k
load average: 48.33 46.85 42.92

/proc/meminfo:
MemTotal:       394806584 kB
MemFree:        201744512 kB
MemAvailable:   339888956 kB
Buffers:         1834936 kB
Cached:         132272716 kB
SwapCached:        17456 kB
Active:          9439660 kB
Inactive:       157254184 kB
Active(anon):      69920 kB
Inactive(anon): 32571500 kB
Active(file):    9369740 kB
Inactive(file): 124682684 kB
Unevictable:      167168 kB
Mlocked:          164096 kB
SwapTotal:      20479992 kB
SwapFree:       20357112 kB
Dirty:             18596 kB
Writeback:           404 kB
AnonPages:      32724604 kB
Mapped:           400736 kB
Shmem:             42036 kB
KReclaimable:    6718100 kB
Slab:           21799924 kB
SReclaimable:    6718100 kB
SUnreclaim:     15081824 kB
KernelStack:       28688 kB
PageTables:        93060 kB
NFS_Unstable:          0 kB
Bounce:                0 kB
WritebackTmp:          0 kB
CommitLimit:    217883284 kB
Committed_AS:   53221204 kB
VmallocTotal:   34359738367 kB
VmallocUsed:      420952 kB
VmallocChunk:          0 kB
Percpu:           346112 kB
HardwareCorrupted:     0 kB
AnonHugePages:         0 kB
ShmemHugePages:        0 kB
ShmemPmdMapped:        0 kB
FileHugePages:         0 kB
FilePmdMapped:         0 kB
HugePages_Total:       0
HugePages_Free:        0
HugePages_Rsvd:        0
HugePages_Surp:        0
Hugepagesize:       2048 kB
Hugetlb:               0 kB
DirectMap4k:    66042880 kB
DirectMap2M:    327831552 kB
DirectMap1G:     9437184 kB

/sys/kernel/mm/transparent_hugepage/enabled: always [madvise] never
/sys/kernel/mm/transparent_hugepage/hpage_pmd_size: 2097152
/sys/kernel/mm/transparent_hugepage/defrag (defrag/compaction efforts parameter): always defer defer+madvise [madvise] never

Process Memory:
Virtual Size: 15216244K (peak: 15216244K)
Resident Set Size: 297520K (peak: 297520K) (anon: 273972K, file: 23548K, shmem: 0K)
Swapped out: 0K
C-Heap outstanding allocations: 44144K, retained: 92243K
glibc malloc tunables: (default)

/proc/sys/kernel/threads-max (system-wide limit on the number of threads): 3083502
/proc/sys/vm/max_map_count (maximum number of memory map areas a process may have): 65530
/proc/sys/vm/swappiness (control to define how aggressively the kernel swaps out anonymous memory): 0
/proc/sys/kernel/pid_max (system-wide limit on number of process identifiers): 4194304

container (cgroup) information:
container_type: cgroupv1
cpu_cpuset_cpus: 17,19,21,23,25,27,29,31,49,51,53,55,57,59,61,63
cpu_memory_nodes: 0-1
active_processor_count: 16
cpu_quota: no quota
cpu_period: 100000
cpu_shares: 256
memory_limit_in_bytes: unlimited
memory_and_swap_limit_in_bytes: unlimited
memory_soft_limit_in_bytes: unlimited
memory_usage_in_bytes: 3988996 k
memory_max_usage_in_bytes: 8327228 k
kernel_memory_limit_in_bytes: unlimited
kernel_memory_usage_in_bytes: 50340 k
kernel_memory_max_usage_in_bytes: 110148 k
maximum number of tasks: 462525
current number of tasks: 409

Steal ticks since vm start: 0
Steal ticks percentage since vm start:  0.000

CPU: total 64 (initial active 16) (16 cores per cpu, 2 threads per core) family 6 model 85 stepping 7 microcode 0x5003901, cx8, cmov, fxsr, ht, mmx, 3dnowpref, sse, sse2, sse3, ssse3, sse4.1, sse4.2, popcnt, lzcnt, tsc, tscinvbit, avx, avx2, aes, erms, clmul, bmi1, bmi2, adx, avx512f, avx512dq, avx512cd, avx512bw, avx512vl, fma, vzeroupper, avx512_vnni, clflush, clflushopt, clwb
CPU Model and flags from /proc/cpuinfo:
model name	: Intel(R) Xeon(R) Gold 6226R CPU @ 2.90GHz
flags		: fpu vme de pse tsc msr pae mce cx8 apic sep mtrr pge mca cmov pat pse36 clflush dts acpi mmx fxsr sse sse2 ss ht tm pbe syscall nx pdpe1gb rdtscp lm constant_tsc art arch_perfmon pebs bts rep_good nopl xtopology nonstop_tsc cpuid aperfmperf pni pclmulqdq dtes64 monitor ds_cpl vmx smx est tm2 ssse3 sdbg fma cx16 xtpr pdcm pcid dca sse4_1 sse4_2 x2apic movbe popcnt tsc_deadline_timer aes xsave avx f16c rdrand lahf_lm abm 3dnowprefetch cpuid_fault epb cat_l3 cdp_l3 invpcid_single intel_ppin ssbd mba ibrs ibpb stibp ibrs_enhanced tpr_shadow vnmi flexpriority ept vpid ept_ad fsgsbase tsc_adjust bmi1 avx2 smep bmi2 erms invpcid cqm mpx rdt_a avx512f avx512dq rdseed adx smap clflushopt clwb intel_pt avx512cd avx512bw avx512vl xsaveopt xsavec xgetbv1 xsaves cqm_llc cqm_occup_llc cqm_mbm_total cqm_mbm_local dtherm ida arat pln pts pku ospke avx512_vnni md_clear flush_l1d arch_capabilities ibpb_exit_to_user

Online cpus: 0-63
Offline cpus: 
BIOS frequency limitation: <Not Available>
Frequency switch latency (ns): 20000
Available cpu frequencies: <Not Available>
Current governor: schedutil
Core performance/turbo boost: <Not Available>

Memory: 4k page, physical 394806584k(202218252k free), swap 20479992k(20357112k free)
Page Sizes: 4k

vm_info: OpenJDK 64-Bit Server VM (17.0.15+6-LTS) for linux-amd64 JRE (17.0.15+6-LTS) (Zulu17.58+21-CA), built on Apr  4 2025 15:19:12 by "zulu_re" with gcc 8.3.0

END.
